0x07230203,0x00010000,0x000d000b,0x00001a1a,
0x00000000,0x00020011,0x00000001,0x0006000b,
0x00000001,0x4c534c47,0x6474732e,0x3035342e,
0x00000000,0x0003000e,0x00000000,0x00000001,
0x0007000f,0x00000004,0x00000004,0x6e69616d,
0x00000000,0x000004c7,0x000005e0,0x00030010,
0x00000004,0x00000007,0x00030047,0x00000374,
0x00000002,0x00050048,0x00000374,0x00000000,
0x00000023,0x00000000,0x00050048,0x00000374,
0x00000001,0x00000023,0x00000010,0x00050048,
0x00000374,0x00000002,0x00000023,0x00000020,
0x00050048,0x00000374,0x00000003,0x00000023,
0x00000030,0x00040047,0x000003fe,0x00000021,
0x00000000,0x00040047,0x000003fe,0x00000022,
0x00000000,0x00040047,0x0000041b,0x00000021,
0x00000001,0x00040047,0x0000041b,0x00000022,
0x00000000,0x00040047,0x00000496,0x00000006,
0x00000010,0x00030047,0x00000497,0x00000002,
0x00050048,0x00000497,0x00000000,0x00000023,
0x00000000,0x00040047,0x00000499,0x00000021,
0x00000002,0x00040047,0x00000499,0x00000022,
0x00000000,0x00040047,0x000004c7,0x0000000b,
0x0000000f,0x00040047,0x000005e0,0x0000001e,
0x00000000,0x00020013,0x00000002,0x00030021,
0x00000003,0x00000002,0x00040015,0x00000006,
0x00000020,0x00000000,0x00020014,0x00000023,
0x00040015,0x00000025,0x00000020,0x00000001,
0x00040017,0x00000026,0x00000025,0x00000002,
0x0004002b,0x00000025,0x0000003c,0x00000000,
0x0004002b,0x00000006,0x00000040,0x00000000,
0x0004002b,0x00000006,0x00000043,0x00000001,
0x0004002b,0x00000025,0x00000047,0x00000005,
0x0004002b,0x00000025,0x0000004f,0x00000006,
0x0004002b,0x00000006,0x00000054,0x0000001f,
0x0004002b,0x00000006,0x00000056,0x00000020,
0x0004001c,0x00000057,0x00000025,0x00000056,
0x0004002b,0x00000025,0x00000058,0x00000001,
0x0004002b,0x00000025,0x00000059,0x00000004,
0x0004002b,0x00000025,0x0000005a,0x00000010,
0x0004002b,0x00000025,0x0000005b,0x00000011,
0x0004002b,0x00000025,0x0000005c,0x00000014,
0x0004002b,0x00000025,0x0000005d,0x00000015,
0x0004002b,0x00000025,0x0000005e,0x00000002,
0x0004002b,0x00000025,0x0000005f,0x00000003,
0x0004002b,0x00000025,0x00000060,0x00000007,
0x0004002b,0x00000025,0x00000061,0x00000012,
0x0004002b,0x00000025,0x00000062,0x00000013,
0x0004002b,0x00000025,0x00000063,0x00000016,
0x0004002b,0x00000025,0x00000064,0x00000017,
0x0004002b,0x00000025,0x00000065,0x00000008,
0x0004002b,0x00000025,0x00000066,0x00000009,
0x0004002b,0x00000025,0x00000067,0x0000000c,
0x0004002b,0x00000025,0x00000068,0x0000000d,
0x0004002b,0x00000025,0x00000069,0x00000018,
0x0004002b,0x00000025,0x0000006a,0x00000019,
0x0004002b,0x00000025,0x0000006b,0x0000001c,
0x0004002b,0x00000025,0x0000006c,0x0000001d,
0x0004002b,0x00000025,0x0000006d,0x0000000a,
0x0004002b,0x00000025,0x0000006e,0x0000000b,
0x0004002b,0x00000025,0x0000006f,0x0000000e,
0x0004002b,0x00000025,0x00000070,0x0000000f,
0x0004002b,0x00000025,0x00000071,0x0000001a,
0x0004002b,0x00000025,0x00000072,0x0000001b,
0x0004002b,0x00000025,0x00000073,0x0000001e,
0x0004002b,0x00000025,0x00000074,0x0000001f,
0x0023002c,0x00000057,0x00000075,0x0000003c,
0x00000058,0x00000059,0x00000047,0x0000005a,
0x0000005b,0x0000005c,0x0000005d,0x0000005e,
0x0000005f,0x0000004f,0x00000060,0x00000061,
0x00000062,0x00000063,0x00000064,0x00000065,
0x00000066,0x00000067,0x00000068,0x00000069,
0x0000006a,0x0000006b,0x0000006c,0x0000006d,
0x0000006e,0x0000006f,0x00000070,0x00000071,
0x00000072,0x00000073,0x00000074,0x0004002b,
0x00000006,0x00000078,0x00000003,0x0004002b,
0x00000006,0x0000007a,0x00000008,0x0004002b,
0x00000006,0x0000007e,0x00000007,0x00040020,
0x00000081,0x00000007,0x00000057,0x00040020,
0x00000083,0x00000007,0x00000025,0x0004002b,
0x00000006,0x00000090,0x00000100,0x0004002b,
0x00000006,0x00000093,0x00000040,0x0004001c,
0x00000094,0x00000025,0x00000093,0x0004002b,
0x00000025,0x00000095,0x00000020,0x0004002b,
0x00000025,0x00000096,0x00000021,0x0004002b,
0x00000025,0x00000097,0x00000024,0x0004002b,
0x00000025,0x00000098,0x00000025,0x0004002b,
0x00000025,0x00000099,0x00000028,0x0004002b,
0x00000025,0x0000009a,0x00000029,0x0004002b,
0x00000025,0x0000009b,0x0000002c,0x0004002b,
0x00000025,0x0000009c,0x0000002d,0x0004002b,
0x00000025,0x0000009d,0x00000022,0x0004002b,
0x00000025,0x0000009e,0x00000023,0x0004002b,
0x00000025,0x0000009f,0x00000026,0x0004002b,
0x00000025,0x000000a0,0x00000027,0x0004002b,
0x00000025,0x000000a1,0x0000002a,0x0004002b,
0x00000025,0x000000a2,0x0000002b,0x0004002b,
0x00000025,0x000000a3,0x0000002e,0x0004002b,
0x00000025,0x000000a4,0x0000002f,0x0004002b,
0x00000025,0x000000a5,0x00000030,0x0004002b,
0x00000025,0x000000a6,0x00000031,0x0004002b,
0x00000025,0x000000a7,0x00000034,0x0004002b,
0x00000025,0x000000a8,0x00000035,0x0004002b,
0x00000025,0x000000a9,0x00000038,0x0004002b,
0x00000025,0x000000aa,0x00000039,0x0004002b,
0x00000025,0x000000ab,0x0000003c,0x0004002b,
0x00000025,0x000000ac,0x0000003d,0x0004002b,
0x00000025,0x000000ad,0x00000032,0x0004002b,
0x00000025,0x000000ae,0x00000033,0x0004002b,
0x00000025,0x000000af,0x00000036,0x0004002b,
0x00000025,0x000000b0,0x00000037,0x0004002b,
0x00000025,0x000000b1,0x0000003a,0x0004002b,
0x00000025,0x000000b2,0x0000003b,0x0004002b,
0x00000025,0x000000b3,0x0000003e,0x0004002b,
0x00000025,0x000000b4,0x0000003f,0x0043002c,
0x00000094,0x000000b5,0x0000003c,0x00000058,
0x00000059,0x00000047,0x00000065,0x00000066,
0x00000067,0x00000068,0x0000005e,0x0000005f,
0x0000004f,0x00000060,0x0000006d,0x0000006e,
0x0000006f,0x00000070,0x0000005a,0x0000005b,
0x0000005c,0x0000005d,0x00000069,0x0000006a,
0x0000006b,0x0000006c,0x00000061,0x00000062,
0x00000063,0x00000064,0x00000071,0x00000072,
0x00000073,0x00000074,0x00000095,0x00000096,
0x00000097,0x00000098,0x00000099,0x0000009a,
0x0000009b,0x0000009c,0x0000009d,0x0000009e,
0x0000009f,0x000000a0,0x000000a1,0x000000a2,
0x000000a3,0x000000a4,0x000000a5,0x000000a6,
0x000000a7,0x000000a8,0x000000a9,0x000000aa,
0x000000ab,0x000000ac,0x000000ad,0x000000ae,
0x000000af,0x000000b0,0x000000b1,0x000000b2,
0x000000b3,0x000000b4,0x00040020,0x000000bc,
0x00000007,0x00000094,0x0004002b,0x00000006,
0x000000c1,0x00000004,0x0004001c,0x000000f6,
0x00000025,0x00000090,0x0004002b,0x00000025,
0x000000f7,0x00000060,0x0004002b,0x00000025,
0x000000f8,0x00000064,0x0004002b,0x00000025,
0x000000f9,0x00000070,0x0004002b,0x00000025,
0x000000fa,0x00000074,0x0004002b,0x00000025,
0x000000fb,0x00000040,0x0004002b,0x00000025,
0x000000fc,0x00000044,0x0004002b,0x00000025,
0x000000fd,0x00000050,0x0004002b,0x00000025,
0x000000fe,0x00000054,0x0004002b,0x00000025,
0x000000ff,0x00000062,0x0004002b,0x00000025,
0x00000100,0x00000066,0x0004002b,0x00000025,
0x00000101,0x00000072,0x0004002b,0x00000025,
0x00000102,0x00000076,0x0004002b,0x00000025,
0x00000103,0x00000042,0x0004002b,0x00000025,
0x00000104,0x00000046,0x0004002b,0x00000025,
0x00000105,0x00000052,0x0004002b,0x00000025,
0x00000106,0x00000056,0x0004002b,0x00000025,
0x00000107,0x00000068,0x0004002b,0x00000025,
0x00000108,0x0000006c,0x0004002b,0x00000025,
0x00000109,0x00000078,0x0004002b,0x00000025,
0x0000010a,0x0000007c,0x0004002b,0x00000025,
0x0000010b,0x00000048,0x0004002b,0x00000025,
0x0000010c,0x0000004c,0x0004002b,0x00000025,
0x0000010d,0x00000058,0x0004002b,0x00000025,
0x0000010e,0x0000005c,0x0004002b,0x00000025,
0x0000010f,0x0000006a,0x0004002b,0x00000025,
0x00000110,0x0000006e,0x0004002b,0x00000025,
0x00000111,0x0000007a,0x0004002b,0x00000025,
0x00000112,0x0000007e,0x0004002b,0x00000025,
0x00000113,0x0000004a,0x0004002b,0x00000025,
0x00000114,0x0000004e,0x0004002b,0x00000025,
0x00000115,0x0000005a,0x0004002b,0x00000025,
0x00000116,0x0000005e,0x0004002b,0x00000025,
0x00000117,0x00000041,0x0004002b,0x00000025,
0x00000118,0x00000045,0x0004002b,0x00000025,
0x00000119,0x00000051,0x0004002b,0x00000025,
0x0000011a,0x00000055,0x0004002b,0x00000025,
0x0000011b,0x00000061,0x0004002b,0x00000025,
0x0000011c,0x00000065,0x0004002b,0x00000025,
0x0000011d,0x00000071,0x0004002b,0x00000025,
0x0000011e,0x00000075,0x0004002b,0x00000025,
0x0000011f,0x00000043,0x0004002b,0x00000025,
0x00000120,0x00000047,0x0004002b,0x00000025,
0x00000121,0x00000053,0x0004002b,0x00000025,
0x00000122,0x00000057,0x0004002b,0x00000025,
0x00000123,0x00000063,0x0004002b,0x00000025,
0x00000124,0x00000067,0x0004002b,0x00000025,
0x00000125,0x00000073,0x0004002b,0x00000025,
0x00000126,0x00000077,0x0004002b,0x00000025,
0x00000127,0x00000049,0x0004002b,0x00000025,
0x00000128,0x0000004d,0x0004002b,0x00000025,
0x00000129,0x00000059,0x0004002b,0x00000025,
0x0000012a,0x0000005d,0x0004002b,0x00000025,
0x0000012b,0x00000069,0x0004002b,0x00000025,
0x0000012c,0x0000006d,0x0004002b,0x00000025,
0x0000012d,0x00000079,0x0004002b,0x00000025,
0x0000012e,0x0000007d,0x0004002b,0x00000025,
0x0000012f,0x0000004b,0x0004002b,0x00000025,
0x00000130,0x0000004f,0x0004002b,0x00000025,
0x00000131,0x0000005b,0x0004002b,0x00000025,
0x00000132,0x0000005f,0x0004002b,0x00000025,
0x00000133,0x0000006b,0x0004002b,0x00000025,
0x00000134,0x0000006f,0x0004002b,0x00000025,
0x00000135,0x0000007b,0x0004002b,0x00000025,
0x00000136,0x0000007f,0x0004002b,0x00000025,
0x00000137,0x00000080,0x0004002b,0x00000025,
0x00000138,0x00000084,0x0004002b,0x00000025,
0x00000139,0x00000090,0x0004002b,0x00000025,
0x0000013a,0x00000094,0x0004002b,0x00000025,
0x0000013b,0x000000a0,0x0004002b,0x00000025,
0x0000013c,0x000000a4,0x0004002b,0x00000025,
0x0000013d,0x000000b0,0x0004002b,0x00000025,
0x0000013e,0x000000b4,0x0004002b,0x00000025,
0x0000013f,0x00000082,0x0004002b,0x00000025,
0x00000140,0x00000086,0x0004002b,0x00000025,
0x00000141,0x00000092,0x0004002b,0x00000025,
0x00000142,0x00000096,0x0004002b,0x00000025,
0x00000143,0x000000a2,0x0004002b,0x00000025,
0x00000144,0x000000a6,0x0004002b,0x00000025,
0x00000145,0x000000b2,0x0004002b,0x00000025,
0x00000146,0x000000b6,0x0004002b,0x00000025,
0x00000147,0x00000088,0x0004002b,0x00000025,
0x00000148,0x0000008c,0x0004002b,0x00000025,
0x00000149,0x00000098,0x0004002b,0x00000025,
0x0000014a,0x0000009c,0x0004002b,0x00000025,
0x0000014b,0x000000a8,0x0004002b,0x00000025,
0x0000014c,0x000000ac,0x0004002b,0x00000025,
0x0000014d,0x000000b8,0x0004002b,0x00000025,
0x0000014e,0x000000bc,0x0004002b,0x00000025,
0x0000014f,0x0000008a,0x0004002b,0x00000025,
0x00000150,0x0000008e,0x0004002b,0x00000025,
0x00000151,0x0000009a,0x0004002b,0x00000025,
0x00000152,0x0000009e,0x0004002b,0x00000025,
0x00000153,0x000000aa,0x0004002b,0x00000025,
0x00000154,0x000000ae,0x0004002b,0x00000025,
0x00000155,0x000000ba,0x0004002b,0x00000025,
0x00000156,0x000000be,0x0004002b,0x00000025,
0x00000157,0x000000a1,0x0004002b,0x00000025,
0x00000158,0x000000a5,0x0004002b,0x00000025,
0x00000159,0x000000b1,0x0004002b,0x00000025,
0x0000015a,0x000000b5,0x0004002b,0x00000025,
0x0000015b,0x00000081,0x0004002b,0x00000025,
0x0000015c,0x00000085,0x0004002b,0x00000025,
0x0000015d,0x00000091,0x0004002b,0x00000025,
0x0000015e,0x00000095,0x0004002b,0x00000025,
0x0000015f,0x000000a3,0x0004002b,0x00000025,
0x00000160,0x000000a7,0x0004002b,0x00000025,
0x00000161,0x000000b3,0x0004002b,0x00000025,
0x00000162,0x000000b7,0x0004002b,0x00000025,
0x00000163,0x00000083,0x0004002b,0x00000025,
0x00000164,0x00000087,0x0004002b,0x00000025,
0x00000165,0x00000093,0x0004002b,0x00000025,
0x00000166,0x00000097,0x0004002b,0x00000025,
0x00000167,0x000000a9,0x0004002b,0x00000025,
0x00000168,0x000000ad,0x0004002b,0x00000025,
0x00000169,0x000000b9,0x0004002b,0x00000025,
0x0000016a,0x000000bd,0x0004002b,0x00000025,
0x0000016b,0x00000089,0x0004002b,0x00000025,
0x0000016c,0x0000008d,0x0004002b,0x00000025,
0x0000016d,0x00000099,0x0004002b,0x00000025,
0x0000016e,0x0000009d,0x0004002b,0x00000025,
0x0000016f,0x000000ab,0x0004002b,0x00000025,
0x00000170,0x000000af,0x0004002b,0x00000025,
0x00000171,0x000000bb,0x0004002b,0x00000025,
0x00000172,0x000000bf,0x0004002b,0x00000025,
0x00000173,0x0000008b,0x0004002b,0x00000025,
0x00000174,0x0000008f,0x0004002b,0x00000025,
0x00000175,0x0000009b,0x0004002b,0x00000025,
0x00000176,0x0000009f,0x0004002b,0x00000025,
0x00000177,0x000000e0,0x0004002b,0x00000025,
0x00000178,0x000000e4,0x0004002b,0x00000025,
0x00000179,0x000000f0,0x0004002b,0x00000025,
0x0000017a,0x000000f4,0x0004002b,0x00000025,
0x0000017b,0x000000c0,0x0004002b,0x00000025,
0x0000017c,0x000000c4,0x0004002b,0x00000025,
0x0000017d,0x000000d0,0x0004002b,0x00000025,
0x0000017e,0x000000d4,0x0004002b,0x00000025,
0x0000017f,0x000000e2,0x0004002b,0x00000025,
0x00000180,0x000000e6,0x0004002b,0x00000025,
0x00000181,0x000000f2,0x0004002b,0x00000025,
0x00000182,0x000000f6,0x0004002b,0x00000025,
0x00000183,0x000000c2,0x0004002b,0x00000025,
0x00000184,0x000000c6,0x0004002b,0x00000025,
0x00000185,0x000000d2,0x0004002b,0x00000025,
0x00000186,0x000000d6,0x0004002b,0x00000025,
0x00000187,0x000000e8,0x0004002b,0x00000025,
0x00000188,0x000000ec,0x0004002b,0x00000025,
0x00000189,0x000000f8,0x0004002b,0x00000025,
0x0000018a,0x000000fc,0x0004002b,0x00000025,
0x0000018b,0x000000c8,0x0004002b,0x00000025,
0x0000018c,0x000000cc,0x0004002b,0x00000025,
0x0000018d,0x000000d8,0x0004002b,0x00000025,
0x0000018e,0x000000dc,0x0004002b,0x00000025,
0x0000018f,0x000000ea,0x0004002b,0x00000025,
0x00000190,0x000000ee,0x0004002b,0x00000025,
0x00000191,0x000000fa,0x0004002b,0x00000025,
0x00000192,0x000000fe,0x0004002b,0x00000025,
0x00000193,0x000000ca,0x0004002b,0x00000025,
0x00000194,0x000000ce,0x0004002b,0x00000025,
0x00000195,0x000000da,0x0004002b,0x00000025,
0x00000196,0x000000de,0x0004002b,0x00000025,
0x00000197,0x000000c1,0x0004002b,0x00000025,
0x00000198,0x000000c5,0x0004002b,0x00000025,
0x00000199,0x000000d1,0x0004002b,0x00000025,
0x0000019a,0x000000d5,0x0004002b,0x00000025,
0x0000019b,0x000000e1,0x0004002b,0x00000025,
0x0000019c,0x000000e5,0x0004002b,0x00000025,
0x0000019d,0x000000f1,0x0004002b,0x00000025,
0x0000019e,0x000000f5,0x0004002b,0x00000025,
0x0000019f,0x000000c3,0x0004002b,0x00000025,
0x000001a0,0x000000c7,0x0004002b,0x00000025,
0x000001a1,0x000000d3,0x0004002b,0x00000025,
0x000001a2,0x000000d7,0x0004002b,0x00000025,
0x000001a3,0x000000e3,0x0004002b,0x00000025,
0x000001a4,0x000000e7,0x0004002b,0x00000025,
0x000001a5,0x000000f3,0x0004002b,0x00000025,
0x000001a6,0x000000f7,0x0004002b,0x00000025,
0x000001a7,0x000000c9,0x0004002b,0x00000025,
0x000001a8,0x000000cd,0x0004002b,0x00000025,
0x000001a9,0x000000d9,0x0004002b,0x00000025,
0x000001aa,0x000000dd,0x0004002b,0x00000025,
0x000001ab,0x000000e9,0x0004002b,0x00000025,
0x000001ac,0x000000ed,0x0004002b,0x00000025,
0x000001ad,0x000000f9,0x0004002b,0x00000025,
0x000001ae,0x000000fd,0x0004002b,0x00000025,
0x000001af,0x000000cb,0x0004002b,0x00000025,
0x000001b0,0x000000cf,0x0004002b,0x00000025,
0x000001b1,0x000000db,0x0004002b,0x00000025,
0x000001b2,0x000000df,0x0004002b,0x00000025,
0x000001b3,0x000000eb,0x0004002b,0x00000025,
0x000001b4,0x000000ef,0x0004002b,0x00000025,
0x000001b5,0x000000fb,0x0004002b,0x00000025,
0x000001b6,0x000000ff,0x0103002c,0x000000f6,
0x000001b7,0x0000003c,0x00000059,0x0000005a,
0x0000005c,0x00000095,0x00000097,0x000000a5,
0x000000a7,0x0000005e,0x0000004f,0x00000061,
0x00000063,0x0000009d,0x0000009f,0x000000ad,
0x000000af,0x00000065,0x00000067,0x00000069,
0x0000006b,0x00000099,0x0000009b,0x000000a9,
0x000000ab,0x0000006d,0x0000006f,0x00000071,
0x00000073,0x000000a1,0x000000a3,0x000000b1,
0x000000b3,0x00000096,0x00000098,0x000000a6,
0x000000a8,0x00000058,0x00000047,0x0000005b,
0x0000005d,0x0000009e,0x000000a0,0x000000ae,
0x000000b0,0x0000005f,0x00000060,0x00000062,
0x00000064,0x0000009a,0x0000009c,0x000000aa,
0x000000ac,0x00000066,0x00000068,0x0000006a,
0x0000006c,0x000000a2,0x000000a4,0x000000b2,
0x000000b4,0x0000006e,0x00000070,0x00000072,
0x00000074,0x000000f7,0x000000f8,0x000000f9,
0x000000fa,0x000000fb,0x000000fc,0x000000fd,
0x000000fe,0x000000ff,0x00000100,0x00000101,
0x00000102,0x00000103,0x00000104,0x00000105,
0x00000106,0x00000107,0x00000108,0x00000109,
0x0000010a,0x0000010b,0x0000010c,0x0000010d,
0x0000010e,0x0000010f,0x00000110,0x00000111,
0x00000112,0x00000113,0x00000114,0x00000115,
0x00000116,0x00000117,0x00000118,0x00000119,
0x0000011a,0x0000011b,0x0000011c,0x0000011d,
0x0000011e,0x0000011f,0x00000120,0x00000121,
0x00000122,0x00000123,0x00000124,0x00000125,
0x00000126,0x00000127,0x00000128,0x00000129,
0x0000012a,0x0000012b,0x0000012c,0x0000012d,
0x0000012e,0x0000012f,0x00000130,0x00000131,
0x00000132,0x00000133,0x00000134,0x00000135,
0x00000136,0x00000137,0x00000138,0x00000139,
0x0000013a,0x0000013b,0x0000013c,0x0000013d,
0x0000013e,0x0000013f,0x00000140,0x00000141,
0x00000142,0x00000143,0x00000144,0x00000145,
0x00000146,0x00000147,0x00000148,0x00000149,
0x0000014a,0x0000014b,0x0000014c,0x0000014d,
0x0000014e,0x0000014f,0x00000150,0x00000151,
0x00000152,0x00000153,0x00000154,0x00000155,
0x00000156,0x00000157,0x00000158,0x00000159,
0x0000015a,0x0000015b,0x0000015c,0x0000015d,
0x0000015e,0x0000015f,0x00000160,0x00000161,
0x00000162,0x00000163,0x00000164,0x00000165,
0x00000166,0x00000167,0x00000168,0x00000169,
0x0000016a,0x0000016b,0x0000016c,0x0000016d,
0x0000016e,0x0000016f,0x00000170,0x00000171,
0x00000172,0x00000173,0x00000174,0x00000175,
0x00000176,0x00000177,0x00000178,0x00000179,
0x0000017a,0x0000017b,0x0000017c,0x0000017d,
0x0000017e,0x0000017f,0x00000180,0x00000181,
0x00000182,0x00000183,0x00000184,0x00000185,
0x00000186,0x00000187,0x00000188,0x00000189,
0x0000018a,0x0000018b,0x0000018c,0x0000018d,
0x0000018e,0x0000018f,0x00000190,0x00000191,
0x00000192,0x00000193,0x00000194,0x00000195,
0x00000196,0x00000197,0x00000198,0x00000199,
0x0000019a,0x0000019b,0x0000019c,0x0000019d,
0x0000019e,0x0000019f,0x000001a0,0x000001a1,
0x000001a2,0x000001a3,0x000001a4,0x000001a5,
0x000001a6,0x000001a7,0x000001a8,0x000001a9,
0x000001aa,0x000001ab,0x000001ac,0x000001ad,
0x000001ae,0x000001af,0x000001b0,0x000001b1,
0x000001b2,0x000001b3,0x000001b4,0x000001b5,
0x000001b6,0x0004002b,0x00000006,0x000001b9,
0x0000000f,0x0004002b,0x00000006,0x000001bb,
0x00000010,0x00040020,0x000001c0,0x00000007,
0x000000f6,0x0023002c,0x00000057,0x000001e1,
0x0000003c,0x0000005e,0x00000065,0x0000006d,
0x00000058,0x0000005f,0x00000066,0x0000006e,
0x00000059,0x0000004f,0x00000067,0x0000006f,
0x00000047,0x00000060,0x00000068,0x00000070,
0x0000005a,0x00000061,0x00000069,0x00000071,
0x0000005b,0x00000062,0x0000006a,0x00000072,
0x0000005c,0x00000063,0x0000006b,0x00000073,
0x0000005d,0x00000064,0x0000006c,0x00000074,
0x0004002b,0x00000006,0x000001f7,0x00000200,
0x0004001c,0x000001fa,0x00000025,0x000001f7,
0x0004002b,0x00000025,0x000001fb,0x00000100,
0x0004002b,0x00000025,0x000001fc,0x00000108,
0x0004002b,0x00000025,0x000001fd,0x00000120,
0x0004002b,0x00000025,0x000001fe,0x00000128,
0x0004002b,0x00000025,0x000001ff,0x00000140,
0x0004002b,0x00000025,0x00000200,0x00000148,
0x0004002b,0x00000025,0x00000201,0x00000160,
0x0004002b,0x00000025,0x00000202,0x00000168,
0x0004002b,0x00000025,0x00000203,0x00000102,
0x0004002b,0x00000025,0x00000204,0x0000010a,
0x0004002b,0x00000025,0x00000205,0x00000122,
0x0004002b,0x00000025,0x00000206,0x0000012a,
0x0004002b,0x00000025,0x00000207,0x00000142,
0x0004002b,0x00000025,0x00000208,0x0000014a,
0x0004002b,0x00000025,0x00000209,0x00000162,
0x0004002b,0x00000025,0x0000020a,0x0000016a,
0x0004002b,0x00000025,0x0000020b,0x00000104,
0x0004002b,0x00000025,0x0000020c,0x0000010c,
0x0004002b,0x00000025,0x0000020d,0x00000124,
0x0004002b,0x00000025,0x0000020e,0x0000012c,
0x0004002b,0x00000025,0x0000020f,0x00000144,
0x0004002b,0x00000025,0x00000210,0x0000014c,
0x0004002b,0x00000025,0x00000211,0x00000164,
0x0004002b,0x00000025,0x00000212,0x0000016c,
0x0004002b,0x00000025,0x00000213,0x00000106,
0x0004002b,0x00000025,0x00000214,0x0000010e,
0x0004002b,0x00000025,0x00000215,0x00000126,
0x0004002b,0x00000025,0x00000216,0x0000012e,
0x0004002b,0x00000025,0x00000217,0x00000146,
0x0004002b,0x00000025,0x00000218,0x0000014e,
0x0004002b,0x00000025,0x00000219,0x00000166,
0x0004002b,0x00000025,0x0000021a,0x0000016e,
0x0004002b,0x00000025,0x0000021b,0x00000110,
0x0004002b,0x00000025,0x0000021c,0x00000118,
0x0004002b,0x00000025,0x0000021d,0x00000130,
0x0004002b,0x00000025,0x0000021e,0x00000138,
0x0004002b,0x00000025,0x0000021f,0x00000150,
0x0004002b,0x00000025,0x00000220,0x00000158,
0x0004002b,0x00000025,0x00000221,0x00000170,
0x0004002b,0x00000025,0x00000222,0x00000178,
0x0004002b,0x00000025,0x00000223,0x00000112,
0x0004002b,0x00000025,0x00000224,0x0000011a,
0x0004002b,0x00000025,0x00000225,0x00000132,
0x0004002b,0x00000025,0x00000226,0x0000013a,
0x0004002b,0x00000025,0x00000227,0x00000152,
0x0004002b,0x00000025,0x00000228,0x0000015a,
0x0004002b,0x00000025,0x00000229,0x00000172,
0x0004002b,0x00000025,0x0000022a,0x0000017a,
0x0004002b,0x00000025,0x0000022b,0x00000114,
0x0004002b,0x00000025,0x0000022c,0x0000011c,
0x0004002b,0x00000025,0x0000022d,0x00000134,
0x0004002b,0x00000025,0x0000022e,0x0000013c,
0x0004002b,0x00000025,0x0000022f,0x00000154,
0x0004002b,0x00000025,0x00000230,0x0000015c,
0x0004002b,0x00000025,0x00000231,0x00000174,
0x0004002b,0x00000025,0x00000232,0x0000017c,
0x0004002b,0x00000025,0x00000233,0x00000116,
0x0004002b,0x00000025,0x00000234,0x0000011e,
0x0004002b,0x00000025,0x00000235,0x00000136,
0x0004002b,0x00000025,0x00000236,0x0000013e,
0x0004002b,0x00000025,0x00000237,0x00000156,
0x0004002b,0x00000025,0x00000238,0x0000015e,
0x0004002b,0x00000025,0x00000239,0x00000176,
0x0004002b,0x00000025,0x0000023a,0x0000017e,
0x0004002b,0x00000025,0x0000023b,0x00000141,
0x0004002b,0x00000025,0x0000023c,0x00000149,
0x0004002b,0x00000025,0x0000023d,0x00000161,
0x0004002b,0x00000025,0x0000023e,0x00000169,
0x0004002b,0x00000025,0x0000023f,0x00000101,
0x0004002b,0x00000025,0x00000240,0x00000109,
0x0004002b,0x00000025,0x00000241,0x00000121,
0x0004002b,0x00000025,0x00000242,0x00000129,
0x0004002b,0x00000025,0x00000243,0x00000143,
0x0004002b,0x00000025,0x00000244,0x0000014b,
0x0004002b,0x00000025,0x00000245,0x00000163,
0x0004002b,0x00000025,0x00000246,0x0000016b,
0x0004002b,0x00000025,0x00000247,0x00000103,
0x0004002b,0x00000025,0x00000248,0x0000010b,
0x0004002b,0x00000025,0x00000249,0x00000123,
0x0004002b,0x00000025,0x0000024a,0x0000012b,
0x0004002b,0x00000025,0x0000024b,0x00000145,
0x0004002b,0x00000025,0x0000024c,0x0000014d,
0x0004002b,0x00000025,0x0000024d,0x00000165,
0x0004002b,0x00000025,0x0000024e,0x0000016d,
0x0004002b,0x00000025,0x0000024f,0x00000105,
0x0004002b,0x00000025,0x00000250,0x0000010d,
0x0004002b,0x00000025,0x00000251,0x00000125,
0x0004002b,0x00000025,0x00000252,0x0000012d,
0x0004002b,0x00000025,0x00000253,0x00000147,
0x0004002b,0x00000025,0x00000254,0x0000014f,
0x0004002b,0x00000025,0x00000255,0x00000167,
0x0004002b,0x00000025,0x00000256,0x0000016f,
0x0004002b,0x00000025,0x00000257,0x00000107,
0x0004002b,0x00000025,0x00000258,0x0000010f,
0x0004002b,0x00000025,0x00000259,0x00000127,
0x0004002b,0x00000025,0x0000025a,0x0000012f,
0x0004002b,0x00000025,0x0000025b,0x00000151,
0x0004002b,0x00000025,0x0000025c,0x00000159,
0x0004002b,0x00000025,0x0000025d,0x00000171,
0x0004002b,0x00000025,0x0000025e,0x00000179,
0x0004002b,0x00000025,0x0000025f,0x00000111,
0x0004002b,0x00000025,0x00000260,0x00000119,
0x0004002b,0x00000025,0x00000261,0x00000131,
0x0004002b,0x00000025,0x00000262,0x00000139,
0x0004002b,0x00000025,0x00000263,0x00000153,
0x0004002b,0x00000025,0x00000264,0x0000015b,
0x0004002b,0x00000025,0x00000265,0x00000173,
0x0004002b,0x00000025,0x00000266,0x0000017b,
0x0004002b,0x00000025,0x00000267,0x00000113,
0x0004002b,0x00000025,0x00000268,0x0000011b,
0x0004002b,0x00000025,0x00000269,0x00000133,
0x0004002b,0x00000025,0x0000026a,0x0000013b,
0x0004002b,0x00000025,0x0000026b,0x00000155,
0x0004002b,0x00000025,0x0000026c,0x0000015d,
0x0004002b,0x00000025,0x0000026d,0x00000175,
0x0004002b,0x00000025,0x0000026e,0x0000017d,
0x0004002b,0x00000025,0x0000026f,0x00000115,
0x0004002b,0x00000025,0x00000270,0x0000011d,
0x0004002b,0x00000025,0x00000271,0x00000135,
0x0004002b,0x00000025,0x00000272,0x0000013d,
0x0004002b,0x00000025,0x00000273,0x00000157,
0x0004002b,0x00000025,0x00000274,0x0000015f,
0x0004002b,0x00000025,0x00000275,0x00000177,
0x0004002b,0x00000025,0x00000276,0x0000017f,
0x0004002b,0x00000025,0x00000277,0x00000117,
0x0004002b,0x00000025,0x00000278,0x0000011f,
0x0004002b,0x00000025,0x00000279,0x00000137,
0x0004002b,0x00000025,0x0000027a,0x0000013f,
0x0004002b,0x00000025,0x0000027b,0x000001c0,
0x0004002b,0x00000025,0x0000027c,0x000001c8,
0x0004002b,0x00000025,0x0000027d,0x000001e0,
0x0004002b,0x00000025,0x0000027e,0x000001e8,
0x0004002b,0x00000025,0x0000027f,0x00000180,
0x0004002b,0x00000025,0x00000280,0x00000188,
0x0004002b,0x00000025,0x00000281,0x000001a0,
0x0004002b,0x00000025,0x00000282,0x000001a8,
0x0004002b,0x00000025,0x00000283,0x000001c2,
0x0004002b,0x00000025,0x00000284,0x000001ca,
0x0004002b,0x00000025,0x00000285,0x000001e2,
0x0004002b,0x00000025,0x00000286,0x000001ea,
0x0004002b,0x00000025,0x00000287,0x00000182,
0x0004002b,0x00000025,0x00000288,0x0000018a,
0x0004002b,0x00000025,0x00000289,0x000001a2,
0x0004002b,0x00000025,0x0000028a,0x000001aa,
0x0004002b,0x00000025,0x0000028b,0x000001c4,
0x0004002b,0x00000025,0x0000028c,0x000001cc,
0x0004002b,0x00000025,0x0000028d,0x000001e4,
0x0004002b,0x00000025,0x0000028e,0x000001ec,
0x0004002b,0x00000025,0x0000028f,0x00000184,
0x0004002b,0x00000025,0x00000290,0x0000018c,
0x0004002b,0x00000025,0x00000291,0x000001a4,
0x0004002b,0x00000025,0x00000292,0x000001ac,
0x0004002b,0x00000025,0x00000293,0x000001c6,
0x0004002b,0x00000025,0x00000294,0x000001ce,
0x0004002b,0x00000025,0x00000295,0x000001e6,
0x0004002b,0x00000025,0x00000296,0x000001ee,
0x0004002b,0x00000025,0x00000297,0x00000186,
0x0004002b,0x00000025,0x00000298,0x0000018e,
0x0004002b,0x00000025,0x00000299,0x000001a6,
0x0004002b,0x00000025,0x0000029a,0x000001ae,
0x0004002b,0x00000025,0x0000029b,0x000001d0,
0x0004002b,0x00000025,0x0000029c,0x000001d8,
0x0004002b,0x00000025,0x0000029d,0x000001f0,
0x0004002b,0x00000025,0x0000029e,0x000001f8,
0x0004002b,0x00000025,0x0000029f,0x00000190,
0x0004002b,0x00000025,0x000002a0,0x00000198,
0x0004002b,0x00000025,0x000002a1,0x000001b0,
0x0004002b,0x00000025,0x000002a2,0x000001b8,
0x0004002b,0x00000025,0x000002a3,0x000001d2,
0x0004002b,0x00000025,0x000002a4,0x000001da,
0x0004002b,0x00000025,0x000002a5,0x000001f2,
0x0004002b,0x00000025,0x000002a6,0x000001fa,
0x0004002b,0x00000025,0x000002a7,0x00000192,
0x0004002b,0x00000025,0x000002a8,0x0000019a,
0x0004002b,0x00000025,0x000002a9,0x000001b2,
0x0004002b,0x00000025,0x000002aa,0x000001ba,
0x0004002b,0x00000025,0x000002ab,0x000001d4,
0x0004002b,0x00000025,0x000002ac,0x000001dc,
0x0004002b,0x00000025,0x000002ad,0x000001f4,
0x0004002b,0x00000025,0x000002ae,0x000001fc,
0x0004002b,0x00000025,0x000002af,0x00000194,
0x0004002b,0x00000025,0x000002b0,0x0000019c,
0x0004002b,0x00000025,0x000002b1,0x000001b4,
0x0004002b,0x00000025,0x000002b2,0x000001bc,
0x0004002b,0x00000025,0x000002b3,0x000001d6,
0x0004002b,0x00000025,0x000002b4,0x000001de,
0x0004002b,0x00000025,0x000002b5,0x000001f6,
0x0004002b,0x00000025,0x000002b6,0x000001fe,
0x0004002b,0x00000025,0x000002b7,0x00000196,
0x0004002b,0x00000025,0x000002b8,0x0000019e,
0x0004002b,0x00000025,0x000002b9,0x000001b6,
0x0004002b,0x00000025,0x000002ba,0x000001be,
0x0004002b,0x00000025,0x000002bb,0x00000181,
0x0004002b,0x00000025,0x000002bc,0x00000189,
0x0004002b,0x00000025,0x000002bd,0x000001a1,
0x0004002b,0x00000025,0x000002be,0x000001a9,
0x0004002b,0x00000025,0x000002bf,0x000001c1,
0x0004002b,0x00000025,0x000002c0,0x000001c9,
0x0004002b,0x00000025,0x000002c1,0x000001e1,
0x0004002b,0x00000025,0x000002c2,0x000001e9,
0x0004002b,0x00000025,0x000002c3,0x00000183,
0x0004002b,0x00000025,0x000002c4,0x0000018b,
0x0004002b,0x00000025,0x000002c5,0x000001a3,
0x0004002b,0x00000025,0x000002c6,0x000001ab,
0x0004002b,0x00000025,0x000002c7,0x000001c3,
0x0004002b,0x00000025,0x000002c8,0x000001cb,
0x0004002b,0x00000025,0x000002c9,0x000001e3,
0x0004002b,0x00000025,0x000002ca,0x000001eb,
0x0004002b,0x00000025,0x000002cb,0x00000185,
0x0004002b,0x00000025,0x000002cc,0x0000018d,
0x0004002b,0x00000025,0x000002cd,0x000001a5,
0x0004002b,0x00000025,0x000002ce,0x000001ad,
0x0004002b,0x00000025,0x000002cf,0x000001c5,
0x0004002b,0x00000025,0x000002d0,0x000001cd,
0x0004002b,0x00000025,0x000002d1,0x000001e5,
0x0004002b,0x00000025,0x000002d2,0x000001ed,
0x0004002b,0x00000025,0x000002d3,0x00000187,
0x0004002b,0x00000025,0x000002d4,0x0000018f,
0x0004002b,0x00000025,0x000002d5,0x000001a7,
0x0004002b,0x00000025,0x000002d6,0x000001af,
0x0004002b,0x00000025,0x000002d7,0x000001c7,
0x0004002b,0x00000025,0x000002d8,0x000001cf,
0x0004002b,0x00000025,0x000002d9,0x000001e7,
0x0004002b,0x00000025,0x000002da,0x000001ef,
0x0004002b,0x00000025,0x000002db,0x00000191,
0x0004002b,0x00000025,0x000002dc,0x00000199,
0x0004002b,0x00000025,0x000002dd,0x000001b1,
0x0004002b,0x00000025,0x000002de,0x000001b9,
0x0004002b,0x00000025,0x000002df,0x000001d1,
0x0004002b,0x00000025,0x000002e0,0x000001d9,
0x0004002b,0x00000025,0x000002e1,0x000001f1,
0x0004002b,0x00000025,0x000002e2,0x000001f9,
0x0004002b,0x00000025,0x000002e3,0x00000193,
0x0004002b,0x00000025,0x000002e4,0x0000019b,
0x0004002b,0x00000025,0x000002e5,0x000001b3,
0x0004002b,0x00000025,0x000002e6,0x000001bb,
0x0004002b,0x00000025,0x000002e7,0x000001d3,
0x0004002b,0x00000025,0x000002e8,0x000001db,
0x0004002b,0x00000025,0x000002e9,0x000001f3,
0x0004002b,0x00000025,0x000002ea,0x000001fb,
0x0004002b,0x00000025,0x000002eb,0x00000195,
0x0004002b,0x00000025,0x000002ec,0x0000019d,
0x0004002b,0x00000025,0x000002ed,0x000001b5,
0x0004002b,0x00000025,0x000002ee,0x000001bd,
0x0004002b,0x00000025,0x000002ef,0x000001d5,
0x0004002b,0x00000025,0x000002f0,0x000001dd,
0x0004002b,0x00000025,0x000002f1,0x000001f5,
0x0004002b,0x00000025,0x000002f2,0x000001fd,
0x0004002b,0x00000025,0x000002f3,0x00000197,
0x0004002b,0x00000025,0x000002f4,0x0000019f,
0x0004002b,0x00000025,0x000002f5,0x000001b7,
0x0004002b,0x00000025,0x000002f6,0x000001bf,
0x0004002b,0x00000025,0x000002f7,0x000001d7,
0x0004002b,0x00000025,0x000002f8,0x000001df,
0x0004002b,0x00000025,0x000002f9,0x000001f7,
0x0004002b,0x00000025,0x000002fa,0x000001ff,
0x0203002c,0x000001fa,0x000002fb,0x0000003c,
0x00000065,0x00000095,0x00000099,0x000000fb,
0x0000010b,0x000000f7,0x00000107,0x0000005e,
0x0000006d,0x0000009d,0x000000a1,0x00000103,
0x00000113,0x000000ff,0x0000010f,0x00000059,
0x00000067,0x00000097,0x0000009b,0x000000fc,
0x0000010c,0x000000f8,0x00000108,0x0000004f,
0x0000006f,0x0000009f,0x000000a3,0x00000104,
0x00000114,0x00000100,0x00000110,0x0000005a,
0x00000069,0x000000a5,0x000000a9,0x000000fd,
0x0000010d,0x000000f9,0x00000109,0x00000061,
0x00000071,0x000000ad,0x000000b1,0x00000105,
0x00000115,0x00000101,0x00000111,0x0000005c,
0x0000006b,0x000000a7,0x000000ab,0x000000fe,
0x0000010e,0x000000fa,0x0000010a,0x00000063,
0x00000073,0x000000af,0x000000b3,0x00000106,
0x00000116,0x00000102,0x00000112,0x00000117,
0x00000127,0x0000011b,0x0000012b,0x00000058,
0x00000066,0x00000096,0x0000009a,0x0000011f,
0x0000012f,0x00000123,0x00000133,0x0000005f,
0x0000006e,0x0000009e,0x000000a2,0x00000118,
0x00000128,0x0000011c,0x0000012c,0x00000047,
0x00000068,0x00000098,0x0000009c,0x00000120,
0x00000130,0x00000124,0x00000134,0x00000060,
0x00000070,0x000000a0,0x000000a4,0x00000119,
0x00000129,0x0000011d,0x0000012d,0x0000005b,
0x0000006a,0x000000a6,0x000000aa,0x00000121,
0x00000131,0x00000125,0x00000135,0x00000062,
0x00000072,0x000000ae,0x000000b2,0x0000011a,
0x0000012a,0x0000011e,0x0000012e,0x0000005d,
0x0000006c,0x000000a8,0x000000ac,0x00000122,
0x00000132,0x00000126,0x00000136,0x00000064,
0x00000074,0x000000b0,0x000000b4,0x0000017b,
0x0000018b,0x00000177,0x00000187,0x00000137,
0x00000147,0x0000013b,0x0000014b,0x00000183,
0x00000193,0x0000017f,0x0000018f,0x0000013f,
0x0000014f,0x00000143,0x00000153,0x0000017c,
0x0000018c,0x00000178,0x00000188,0x00000138,
0x00000148,0x0000013c,0x0000014c,0x00000184,
0x00000194,0x00000180,0x00000190,0x00000140,
0x00000150,0x00000144,0x00000154,0x0000017d,
0x0000018d,0x00000179,0x00000189,0x00000139,
0x00000149,0x0000013d,0x0000014d,0x00000185,
0x00000195,0x00000181,0x00000191,0x00000141,
0x00000151,0x00000145,0x00000155,0x0000017e,
0x0000018e,0x0000017a,0x0000018a,0x0000013a,
0x0000014a,0x0000013e,0x0000014e,0x00000186,
0x00000196,0x00000182,0x00000192,0x00000142,
0x00000152,0x00000146,0x00000156,0x0000015b,
0x0000016b,0x00000157,0x00000167,0x00000197,
0x000001a7,0x0000019b,0x000001ab,0x00000163,
0x00000173,0x0000015f,0x0000016f,0x0000019f,
0x000001af,0x000001a3,0x000001b3,0x0000015c,
0x0000016c,0x00000158,0x00000168,0x00000198,
0x000001a8,0x0000019c,0x000001ac,0x00000164,
0x00000174,0x00000160,0x00000170,0x000001a0,
0x000001b0,0x000001a4,0x000001b4,0x0000015d,
0x0000016d,0x00000159,0x00000169,0x00000199,
0x000001a9,0x0000019d,0x000001ad,0x00000165,
0x00000175,0x00000161,0x00000171,0x000001a1,
0x000001b1,0x000001a5,0x000001b5,0x0000015e,
0x0000016e,0x0000015a,0x0000016a,0x0000019a,
0x000001aa,0x0000019e,0x000001ae,0x00000166,
0x00000176,0x00000162,0x00000172,0x000001a2,
0x000001b2,0x000001a6,0x000001b6,0x000001fb,
0x000001fc,0x000001fd,0x000001fe,0x000001ff,
0x00000200,0x00000201,0x00000202,0x00000203,
0x00000204,0x00000205,0x00000206,0x00000207,
0x00000208,0x00000209,0x0000020a,0x0000020b,
0x0000020c,0x0000020d,0x0000020e,0x0000020f,
0x00000210,0x00000211,0x00000212,0x00000213,
0x00000214,0x00000215,0x00000216,0x00000217,
0x00000218,0x00000219,0x0000021a,0x0000021b,
0x0000021c,0x0000021d,0x0000021e,0x0000021f,
0x00000220,0x00000221,0x00000222,0x00000223,
0x00000224,0x00000225,0x00000226,0x00000227,
0x00000228,0x00000229,0x0000022a,0x0000022b,
0x0000022c,0x0000022d,0x0000022e,0x0000022f,
0x00000230,0x00000231,0x00000232,0x00000233,
0x00000234,0x00000235,0x00000236,0x00000237,
0x00000238,0x00000239,0x0000023a,0x0000023b,
0x0000023c,0x0000023d,0x0000023e,0x0000023f,
0x00000240,0x00000241,0x00000242,0x00000243,
0x00000244,0x00000245,0x00000246,0x00000247,
0x00000248,0x00000249,0x0000024a,0x0000024b,
0x0000024c,0x0000024d,0x0000024e,0x0000024f,
0x00000250,0x00000251,0x00000252,0x00000253,
0x00000254,0x00000255,0x00000256,0x00000257,
0x00000258,0x00000259,0x0000025a,0x0000025b,
0x0000025c,0x0000025d,0x0000025e,0x0000025f,
0x00000260,0x00000261,0x00000262,0x00000263,
0x00000264,0x00000265,0x00000266,0x00000267,
0x00000268,0x00000269,0x0000026a,0x0000026b,
0x0000026c,0x0000026d,0x0000026e,0x0000026f,
0x00000270,0x00000271,0x00000272,0x00000273,
0x00000274,0x00000275,0x00000276,0x00000277,
0x00000278,0x00000279,0x0000027a,0x0000027b,
0x0000027c,0x0000027d,0x0000027e,0x0000027f,
0x00000280,0x00000281,0x00000282,0x00000283,
0x00000284,0x00000285,0x00000286,0x00000287,
0x00000288,0x00000289,0x0000028a,0x0000028b,
0x0000028c,0x0000028d,0x0000028e,0x0000028f,
0x00000290,0x00000291,0x00000292,0x00000293,
0x00000294,0x00000295,0x00000296,0x00000297,
0x00000298,0x00000299,0x0000029a,0x0000029b,
0x0000029c,0x0000029d,0x0000029e,0x0000029f,
0x000002a0,0x000002a1,0x000002a2,0x000002a3,
0x000002a4,0x000002a5,0x000002a6,0x000002a7,
0x000002a8,0x000002a9,0x000002aa,0x000002ab,
0x000002ac,0x000002ad,0x000002ae,0x000002af,
0x000002b0,0x000002b1,0x000002b2,0x000002b3,
0x000002b4,0x000002b5,0x000002b6,0x000002b7,
0x000002b8,0x000002b9,0x000002ba,0x000002bb,
0x000002bc,0x000002bd,0x000002be,0x000002bf,
0x000002c0,0x000002c1,0x000002c2,0x000002c3,
0x000002c4,0x000002c5,0x000002c6,0x000002c7,
0x000002c8,0x000002c9,0x000002ca,0x000002cb,
0x000002cc,0x000002cd,0x000002ce,0x000002cf,
0x000002d0,0x000002d1,0x000002d2,0x000002d3,
0x000002d4,0x000002d5,0x000002d6,0x000002d7,
0x000002d8,0x000002d9,0x000002da,0x000002db,
0x000002dc,0x000002dd,0x000002de,0x000002df,
0x000002e0,0x000002e1,0x000002e2,0x000002e3,
0x000002e4,0x000002e5,0x000002e6,0x000002e7,
0x000002e8,0x000002e9,0x000002ea,0x000002eb,
0x000002ec,0x000002ed,0x000002ee,0x000002ef,
0x000002f0,0x000002f1,0x000002f2,0x000002f3,
0x000002f4,0x000002f5,0x000002f6,0x000002f7,
0x000002f8,0x000002f9,0x000002fa,0x00040020,
0x00000302,0x00000007,0x000001fa,0x0004002b,
0x00000006,0x00000325,0x0000000a,0x0023002c,
0x00000057,0x0000032a,0x0000003c,0x0000005e,
0x0000005a,0x00000061,0x00000058,0x0000005f,
0x0000005b,0x00000062,0x00000065,0x0000006d,
0x00000069,0x00000071,0x00000066,0x0000006e,
0x0000006a,0x00000072,0x00000059,0x0000004f,
0x0000005c,0x00000063,0x00000047,0x00000060,
0x0000005d,0x00000064,0x00000067,0x0000006f,
0x0000006b,0x00000073,0x00000068,0x00000070,
0x0000006c,0x00000074,0x0004002b,0x00000006,
0x00000331,0x00000032,0x0023002c,0x00000057,
0x00000336,0x00000069,0x00000071,0x0000005a,
0x00000061,0x0000006a,0x00000072,0x0000005b,
0x00000062,0x0000006b,0x00000073,0x0000005c,
0x00000063,0x0000006c,0x00000074,0x0000005d,
0x00000064,0x00000065,0x0000006d,0x0000003c,
0x0000005e,0x00000066,0x0000006e,0x00000058,
0x0000005f,0x00000067,0x0000006f,0x00000059,
0x0000004f,0x00000068,0x00000070,0x00000047,
0x00000060,0x0004002b,0x00000006,0x0000033d,
0x0000003a,0x0023002c,0x00000057,0x00000342,
0x00000069,0x00000071,0x00000065,0x0000006d,
0x0000006a,0x00000072,0x00000066,0x0000006e,
0x0000005a,0x00000061,0x0000003c,0x0000005e,
0x0000005b,0x00000062,0x00000058,0x0000005f,
0x0000006b,0x00000073,0x00000067,0x0000006f,
0x0000006c,0x00000074,0x00000068,0x00000070,
0x0000005c,0x00000063,0x00000059,0x0000004f,
0x0000005d,0x00000064,0x00000047,0x00000060,
0x0023002c,0x00000057,0x0000035f,0x0000003c,
0x0000005e,0x00000065,0x0000006d,0x0000005a,
0x00000061,0x00000069,0x00000071,0x00000058,
0x0000005f,0x00000066,0x0000006e,0x0000005b,
0x00000062,0x0000006a,0x00000072,0x00000059,
0x0000004f,0x00000067,0x0000006f,0x0000005c,
0x00000063,0x0000006b,0x00000073,0x00000047,
0x00000060,0x00000068,0x00000070,0x0000005d,
0x00000064,0x0000006c,0x00000074,0x0004002b,
0x00000006,0x0000036a,0x00000002,0x00040017,
0x00000373,0x00000006,0x00000004,0x0006001e,
0x00000374,0x00000373,0x00000373,0x00000373,
0x00000373,0x00040020,0x00000375,0x00000009,
0x00000374,0x0004003b,0x00000375,0x00000376,
0x00000009,0x00040020,0x00000377,0x00000009,
0x00000006,0x0004002b,0x00000025,0x00000380,
0xffffffff,0x0005002c,0x00000026,0x00000381,
0x00000380,0x00000380,0x0004002b,0x00000006,
0x000003a9,0x000000ff,0x0023002c,0x00000057,
0x000003ad,0x0000003c,0x00000058,0x0000005a,
0x0000005b,0x0000005e,0x0000005f,0x00000061,
0x00000062,0x00000095,0x00000096,0x000000a5,
0x000000a6,0x0000009d,0x0000009e,0x000000ad,
0x000000ae,0x00000059,0x00000047,0x0000005c,
0x0000005d,0x0000004f,0x00000060,0x00000063,
0x00000064,0x00000097,0x00000098,0x000000a7,
0x000000a8,0x0000009f,0x000000a0,0x000000af,
0x000000b0,0x0004002b,0x00000006,0x000003b3,
0x00000018,0x0043002c,0x00000094,0x000003bc,
0x0000003c,0x00000058,0x0000005a,0x0000005b,
0x0000005e,0x0000005f,0x00000061,0x00000062,
0x00000059,0x00000047,0x0000005c,0x0000005d,
0x0000004f,0x00000060,0x00000063,0x00000064,
0x00000095,0x00000096,0x000000a5,0x000000a6,
0x0000009d,0x0000009e,0x000000ad,0x000000ae,
0x00000097,0x00000098,0x000000a7,0x000000a8,
0x0000009f,0x000000a0,0x000000af,0x000000b0,
0x000000fb,0x00000117,0x000000fd,0x00000119,
0x00000103,0x0000011f,0x00000105,0x00000121,
0x000000fc,0x00000118,0x000000fe,0x0000011a,
0x00000104,0x00000120,0x00000106,0x00000122,
0x000000f7,0x0000011b,0x000000f9,0x0000011d,
0x000000ff,0x00000123,0x00000101,0x00000125,
0x000000f8,0x0000011c,0x000000fa,0x0000011e,
0x00000100,0x00000124,0x00000102,0x00000126,
0x0004002b,0x00000006,0x000003e6,0xfffffffc,
0x00030016,0x000003fa,0x00000020,0x00090019,
0x000003fb,0x000003fa,0x00000001,0x00000000,
0x00000000,0x00000000,0x00000001,0x00000000,
0x0003001b,0x000003fc,0x000003fb,0x00040020,
0x000003fd,0x00000000,0x000003fc,0x0004003b,
0x000003fd,0x000003fe,0x00000000,0x00040017,
0x00000402,0x000003fa,0x00000004,0x0004003b,
0x000003fd,0x0000041b,0x00000000,0x0004002b,
0x000003fa,0x00000423,0x00000000,0x0004002b,
0x000003fa,0x00000424,0x3f800000,0x0004002b,
0x000003fa,0x00000426,0x4b800000,0x0004002b,
0x000003fa,0x00000428,0x3f000000,0x0004002b,
0x00000006,0x0000042b,0x00ffffff,0x0004002b,
0x00000006,0x0000042f,0x00000030,0x0004002b,
0x00000006,0x00000434,0xff000000,0x0004002b,
0x00000006,0x0000044b,0x00008000,0x0004002b,
0x00000006,0x0000045a,0x00007fff,0x0004002b,
0x00000006,0x00000484,0x000000e0,0x0004001c,
0x00000496,0x00000373,0x00000093,0x0003001e,
0x00000497,0x00000496,0x00040020,0x00000498,
0x00000002,0x00000497,0x0004003b,0x00000498,
0x00000499,0x00000002,0x00040020,0x0000049c,
0x00000002,0x00000373,0x00040020,0x000004c6,
0x00000001,0x00000402,0x0004003b,0x000004c6,
0x000004c7,0x00000001,0x00040020,0x000004c8,
0x00000001,0x000003fa,0x0004002b,0x00000006,
0x000004ec,0x00000014,0x0004002b,0x00000006,
0x000004ef,0x00000024,0x0004002b,0x00000006,
0x000004f3,0x0000002c,0x0004002b,0x00000006,
0x00000500,0x00000013,0x0004002b,0x00000006,
0x00000541,0x0000001b,0x0004002b,0x00000006,
0x00000584,0x00000031,0x0004002b,0x00000006,
0x000005ce,0x0000ffff,0x00040020,0x000005df,
0x00000003,0x00000402,0x0004003b,0x000005df,
0x000005e0,0x00000003,0x0004002b,0x00000006,
0x000019f0,0x000000fc,0x00050036,0x00000002,
0x00000004,0x00000000,0x00000003,0x000200f8,
0x00000005,0x0004003b,0x00000081,0x000018a9,
0x00000007,0x0004003b,0x000000bc,0x000018ab,
0x00000007,0x0004003b,0x00000081,0x00001844,
0x00000007,0x0004003b,0x000000bc,0x00001846,
0x00000007,0x0004003b,0x00000081,0x000017b2,
0x00000007,0x0004003b,0x000000bc,0x000017b3,
0x00000007,0x0004003b,0x00000081,0x00001722,
0x00000007,0x0004003b,0x000000bc,0x00001724,
0x00000007,0x0004003b,0x00000081,0x000016bd,
0x00000007,0x0004003b,0x000000bc,0x000016bf,
0x00000007,0x0004003b,0x00000081,0x00001608,
0x00000007,0x0004003b,0x00000081,0x0000160a,
0x00000007,0x0004003b,0x00000081,0x0000160c,
0x00000007,0x0004003b,0x00000081,0x0000160d,
0x00000007,0x0004003b,0x00000081,0x0000160f,
0x00000007,0x0004003b,0x00000081,0x000015ab,
0x00000007,0x0004003b,0x000000bc,0x000015ad,
0x00000007,0x0004003b,0x00000081,0x00001546,
0x00000007,0x0004003b,0x000000bc,0x00001548,
0x00000007,0x0004003b,0x00000081,0x000014b4,
0x00000007,0x0004003b,0x000000bc,0x000014b5,
0x00000007,0x0004003b,0x00000081,0x00001459,
0x00000007,0x0004003b,0x000000bc,0x0000145b,
0x00000007,0x0004003b,0x00000081,0x000013f4,
0x00000007,0x0004003b,0x000000bc,0x000013f6,
0x00000007,0x0004003b,0x00000081,0x00001362,
0x00000007,0x0004003b,0x000000bc,0x00001363,
0x00000007,0x0004003b,0x00000081,0x000012bb,
0x00000007,0x0004003b,0x000000bc,0x000012bd,
0x00000007,0x0004003b,0x00000081,0x00001256,
0x00000007,0x0004003b,0x000000bc,0x00001258,
0x00000007,0x0004003b,0x00000081,0x000011c4,
0x00000007,0x0004003b,0x000000bc,0x000011c5,
0x00000007,0x0004003b,0x00000081,0x00001169,
0x00000007,0x0004003b,0x000000bc,0x0000116b,
0x00000007,0x0004003b,0x00000081,0x00001104,
0x00000007,0x0004003b,0x000000bc,0x00001106,
0x00000007,0x0004003b,0x00000081,0x00001072,
0x00000007,0x0004003b,0x000000bc,0x00001073,
0x00000007,0x0004003b,0x00000081,0x00000fcb,
0x00000007,0x0004003b,0x000000bc,0x00000fcd,
0x00000007,0x0004003b,0x00000081,0x00000f66,
0x00000007,0x0004003b,0x000000bc,0x00000f68,
0x00000007,0x0004003b,0x00000081,0x00000ed4,
0x00000007,0x0004003b,0x000000bc,0x00000ed5,
0x00000007,0x0004003b,0x00000081,0x00000e79,
0x00000007,0x0004003b,0x000000bc,0x00000e7b,
0x00000007,0x0004003b,0x00000081,0x00000e14,
0x00000007,0x0004003b,0x000000bc,0x00000e16,
0x00000007,0x0004003b,0x00000081,0x00000d82,
0x00000007,0x0004003b,0x000000bc,0x00000d83,
0x00000007,0x0004003b,0x00000081,0x00000cdb,
0x00000007,0x0004003b,0x000000bc,0x00000cdd,
0x00000007,0x0004003b,0x00000081,0x00000c76,
0x00000007,0x0004003b,0x000000bc,0x00000c78,
0x00000007,0x0004003b,0x00000081,0x00000be4,
0x00000007,0x0004003b,0x000000bc,0x00000be5,
0x00000007,0x0004003b,0x00000081,0x00000b89,
0x00000007,0x0004003b,0x000000bc,0x00000b8b,
0x00000007,0x0004003b,0x00000081,0x00000b24,
0x00000007,0x0004003b,0x000000bc,0x00000b26,
0x00000007,0x0004003b,0x00000081,0x00000a92,
0x00000007,0x0004003b,0x000000bc,0x00000a93,
0x00000007,0x0004003b,0x00000081,0x000009eb,
0x00000007,0x0004003b,0x000000bc,0x000009ed,
0x00000007,0x0004003b,0x00000081,0x00000986,
0x00000007,0x0004003b,0x000000bc,0x00000988,
0x00000007,0x0004003b,0x00000081,0x000008f0,
0x00000007,0x0004003b,0x00000302,0x000008f1,
0x00000007,0x0004003b,0x00000081,0x00000894,
0x00000007,0x0004003b,0x000000bc,0x00000896,
0x00000007,0x0004003b,0x00000081,0x0000082f,
0x00000007,0x0004003b,0x000000bc,0x00000831,
0x00000007,0x0004003b,0x00000081,0x0000079d,
0x00000007,0x0004003b,0x000000bc,0x0000079e,
0x00000007,0x0004003b,0x00000081,0x000006f6,
0x00000007,0x0004003b,0x000000bc,0x000006f8,
0x00000007,0x0004003b,0x00000081,0x00000691,
0x00000007,0x0004003b,0x000000bc,0x00000693,
0x00000007,0x0004003b,0x00000081,0x000005fb,
0x00000007,0x0004003b,0x000001c0,0x000005fc,
0x00000007,0x00060041,0x00000377,0x000004c2,
0x00000376,0x0000003c,0x00000078,0x0004003d,
0x00000006,0x000004c3,0x000004c2,0x0007000c,
0x00000006,0x000004c4,0x00000001,0x00000029,
0x000004c3,0x00000043,0x00050041,0x000004c8,
0x000004c9,0x000004c7,0x00000040,0x0004003d,
0x000003fa,0x000004ca,0x000004c9,0x0004006d,
0x00000006,0x000004cb,0x000004ca,0x00050086,
0x00000006,0x000004cd,0x000004cb,0x000004c4,
0x00050041,0x000004c8,0x000004cf,0x000004c7,
0x00000043,0x0004003d,0x000003fa,0x000004d0,
0x000004cf,0x0004006d,0x00000006,0x000004d1,
0x000004d0,0x00050086,0x00000006,0x000004d3,
0x000004d1,0x000004c4,0x00050089,0x00000006,
0x000004d8,0x000004cb,0x000004c4,0x0004007c,
0x00000025,0x000004d9,0x000004d8,0x00050089,
0x00000006,0x000004de,0x000004d1,0x000004c4,
0x0004007c,0x00000025,0x000004df,0x000004de,
0x00050050,0x00000026,0x000004e0,0x000004d9,
0x000004df,0x00060041,0x00000377,0x000004e2,
0x00000376,0x0000003c,0x00000040,0x0004003d,
0x00000006,0x000004e3,0x000004e2,0x00060041,
0x00000377,0x000004e5,0x00000376,0x0000003c,
0x00000043,0x0004003d,0x00000006,0x000004e6,
0x000004e5,0x00060041,0x00000377,0x000004e8,
0x00000376,0x0000003c,0x0000036a,0x0004003d,
0x00000006,0x000004e9,0x000004e8,0x000500aa,
0x00000023,0x000004ed,0x000004e9,0x000004ec,
0x000500aa,0x00000023,0x000004f0,0x000004e9,
0x000004ef,0x000500a6,0x00000023,0x000004f1,
0x000004ed,0x000004f0,0x000500aa,0x00000023,
0x000004f4,0x000004e9,0x000004f3,0x000500a6,
0x00000023,0x000004f5,0x000004f1,0x000004f4,
0x000300f7,0x000004f8,0x00000000,0x000400fa,
0x000004f5,0x000004f7,0x000004fd,0x000200f8,
0x000004fd,0x000200f9,0x000004f8,0x000200f8,
0x000004f7,0x00060041,0x00000377,0x000004f9,
0x00000376,0x00000058,0x0000036a,0x0004003d,
0x00000006,0x000004fa,0x000004f9,0x000500c7,
0x00000006,0x000004fb,0x000004fa,0x000001b9,
0x00050084,0x00000006,0x000004fc,0x000004fb,
0x000001bb,0x000200f9,0x000004f8,0x000200f8,
0x000004f8,0x000700f5,0x00000006,0x00001922,
0x000004fc,0x000004f7,0x00000040,0x000004fd,
0x000500aa,0x00000023,0x00000501,0x000004e9,
0x00000500,0x000300f7,0x00000503,0x00000000,
0x000400fa,0x00000501,0x00000502,0x00000519,
0x000200f8,0x00000519,0x000300f7,0x0000051d,
0x00000000,0x000400fa,0x000004ed,0x0000051c,
0x0000053f,0x000200f8,0x0000053f,0x000500aa,
0x00000023,0x00000542,0x000004e9,0x00000541,
0x000300f7,0x00000544,0x00000000,0x000400fa,
0x00000542,0x00000543,0x00000553,0x000200f8,
0x00000553,0x000300f7,0x00000557,0x00000000,
0x000400fa,0x000004f0,0x00000556,0x0000056a,
0x000200f8,0x0000056a,0x000300f7,0x0000056e,
0x00000000,0x000400fa,0x000004f4,0x0000056d,
0x00000580,0x000200f8,0x00000580,0x000500aa,
0x00000023,0x00000582,0x000004e9,0x00000043,
0x000500aa,0x00000023,0x00000585,0x000004e9,
0x00000584,0x000500a6,0x00000023,0x00000586,
0x00000582,0x00000585,0x000300f7,0x00000588,
0x00000000,0x000400fa,0x00000586,0x00000587,
0x000005a6,0x000200f8,0x000005a6,0x000500aa,
0x00000023,0x000005a8,0x000004e9,0x0000036a,
0x000500aa,0x00000023,0x000005aa,0x000004e9,
0x00000325,0x000500a6,0x00000023,0x000005ab,
0x000005a8,0x000005aa,0x000500aa,0x00000023,
0x000005ad,0x000004e9,0x00000331,0x000500a6,
0x00000023,0x000005ae,0x000005ab,0x000005ad,
0x000500aa,0x00000023,0x000005b0,0x000004e9,
0x0000033d,0x000500a6,0x00000023,0x000005b1,
0x000005ae,0x000005b0,0x000300f7,0x000005b3,
0x00000000,0x000400fa,0x000005b1,0x000005b2,
0x000005d3,0x000200f8,0x000005d3,0x000500ab,
0x00000023,0x000017b7,0x000004e6,0x00000040,
0x000600a9,0x00000006,0x000017b9,0x000017b7,
0x000004e6,0x00000043,0x000500c2,0x00000006,
0x000017bb,0x000004e3,0x00000047,0x000500c2,
0x00000006,0x000017bd,0x000004d3,0x00000047,
0x00050084,0x00000006,0x000017bf,0x000017bd,
0x000017b9,0x00050080,0x00000006,0x000017c0,
0x000017bb,0x000017bf,0x000500c2,0x00000006,
0x000017c2,0x000004cd,0x0000004f,0x00050080,
0x00000006,0x000017c3,0x000017c0,0x000017c2,
0x000500c7,0x00000006,0x000017c5,0x000004e3,
0x00000054,0x000500c2,0x00000006,0x000017c7,
0x000004d3,0x0000005f,0x000500c7,0x00000006,
0x000017c8,0x000017c7,0x00000078,0x00050084,
0x00000006,0x000017c9,0x000017c8,0x0000007a,
0x000500c2,0x00000006,0x000017cb,0x000004cd,
0x0000005f,0x000500c7,0x00000006,0x000017cc,
0x000017cb,0x0000007e,0x00050080,0x00000006,
0x000017cd,0x000017c9,0x000017cc,0x0003003e,
0x000017b2,0x00000075,0x00050041,0x00000083,
0x000017ce,0x000017b2,0x000017cd,0x0004003d,
0x00000025,0x000017cf,0x000017ce,0x0004007c,
0x00000006,0x000017d0,0x000017cf,0x00050080,
0x00000006,0x000017d1,0x000017c5,0x000017d0,
0x000500c4,0x00000006,0x000017d3,0x000017c3,
0x00000068,0x000500c2,0x00000006,0x000017d5,
0x000017d1,0x00000047,0x000500c4,0x00000006,
0x000017d6,0x000017d5,0x00000068,0x00050080,
0x00000006,0x000017d7,0x000017d3,0x000017d6,
0x000500c7,0x00000006,0x000017d9,0x000017d1,
0x00000054,0x00050084,0x00000006,0x000017da,
0x000017d9,0x00000090,0x00050080,0x00000006,
0x000017db,0x000017d7,0x000017da,0x000500c7,
0x00000006,0x000017dd,0x000004d3,0x0000007e,
0x00050084,0x00000006,0x000017de,0x000017dd,
0x0000007a,0x000500c7,0x00000006,0x000017e0,
0x000004cd,0x0000007e,0x00050080,0x00000006,
0x000017e1,0x000017de,0x000017e0,0x0003003e,
0x000017b3,0x000000b5,0x00050041,0x00000083,
0x000017e2,0x000017b3,0x000017e1,0x0004003d,
0x00000025,0x000017e3,0x000017e2,0x0004007c,
0x00000006,0x000017e4,0x000017e3,0x00050084,
0x00000006,0x000017e5,0x000017e4,0x000000c1,
0x00050080,0x00000006,0x000017e6,0x000017db,
0x000017e5,0x000300f7,0x0000182f,0x00000000,
0x000300fb,0x00000040,0x000017f4,0x000200f8,
0x000017f4,0x000500c7,0x00000006,0x000017f6,
0x000017e6,0x000003e6,0x000300f7,0x0000189a,
0x00000000,0x000300fb,0x00000040,0x00001849,
0x000200f8,0x00001849,0x000500c2,0x00000006,
0x0000184b,0x000017f6,0x00000068,0x00060041,
0x00000377,0x0000184c,0x00000376,0x0000005e,
0x00000040,0x0004003d,0x00000006,0x0000184d,
0x0000184c,0x000500c2,0x00000006,0x0000184e,
0x0000184d,0x00000047,0x000500b0,0x00000023,
0x00001851,0x0000184b,0x0000184e,0x000300f7,
0x00001853,0x00000000,0x000400fa,0x00001851,
0x00001852,0x00001853,0x000200f8,0x00001852,
0x000200f9,0x0000189a,0x000200f8,0x00001853,
0x00050082,0x00000006,0x00001856,0x0000184b,
0x0000184e,0x00060041,0x00000377,0x00001857,
0x00000376,0x0000005e,0x00000043,0x0004003d,
0x00000006,0x00001858,0x00001857,0x000500ab,
0x00000023,0x00001859,0x00001858,0x00000040,
0x000600a9,0x00000006,0x000019f1,0x00001859,
0x00001858,0x00000043,0x00050086,0x00000006,
0x00001862,0x00001856,0x000019f1,0x00050084,
0x00000006,0x00001866,0x00001862,0x000019f1,
0x00050082,0x00000006,0x00001867,0x00001856,
0x00001866,0x00060041,0x00000377,0x00001869,
0x00000376,0x0000005e,0x0000036a,0x0004003d,
0x00000006,0x0000186a,0x00001869,0x000500ae,
0x00000023,0x0000186b,0x00001862,0x0000186a,
0x000300f7,0x0000186d,0x00000000,0x000400fa,
0x0000186b,0x0000186c,0x0000186d,0x000200f8,
0x0000186c,0x000200f9,0x0000189a,0x000200f8,
0x0000186d,0x000500c2,0x00000006,0x0000186f,
0x000017f6,0x00000065,0x000500c7,0x00000006,
0x00001870,0x0000186f,0x00000054,0x000500c7,
0x00000006,0x00001872,0x000017e6,0x000019f0,
0x000500c2,0x00000006,0x00001873,0x00001872,
0x0000005e,0x0003003e,0x00001844,0x000003ad,
0x00050041,0x00000083,0x0000187c,0x00001844,
0x00001870,0x0004003d,0x00000025,0x0000187d,
0x0000187c,0x0003003e,0x00001846,0x000003bc,
0x00050041,0x00000083,0x0000187f,0x00001846,
0x00001873,0x0004003d,0x00000025,0x00001880,
0x0000187f,0x00050084,0x00000006,0x00001882,
0x00001867,0x00000093,0x000500c7,0x00000025,
0x00001884,0x0000187d,0x00000070,0x0004007c,
0x00000006,0x00001885,0x00001884,0x00050084,
0x00000006,0x00001886,0x00001885,0x0000007a,
0x00050080,0x00000006,0x00001887,0x00001882,
0x00001886,0x000500c7,0x00000025,0x00001889,
0x00001880,0x00000070,0x0004007c,0x00000006,
0x0000188a,0x00001889,0x00050080,0x00000006,
0x0000188b,0x00001887,0x0000188a,0x0004007c,
0x00000025,0x0000188c,0x0000188b,0x00050084,
0x00000006,0x0000188e,0x00001862,0x00000056,
0x000500c3,0x00000025,0x00001890,0x0000187d,
0x00000059,0x0004007c,0x00000006,0x00001891,
0x00001890,0x00050084,0x00000006,0x00001892,
0x00001891,0x0000007a,0x00050080,0x00000006,
0x00001893,0x0000188e,0x00001892,0x000500c3,
0x00000025,0x00001895,0x00001880,0x00000059,
0x0004007c,0x00000006,0x00001896,0x00001895,
0x00050080,0x00000006,0x00001897,0x00001893,
0x00001896,0x0004007c,0x00000025,0x00001898,
0x00001897,0x00050050,0x00000026,0x00001899,
0x0000188c,0x00001898,0x000200f9,0x0000189a,
0x000200f8,0x0000189a,0x000900f5,0x00000026,
0x00001925,0x00000381,0x00001852,0x00000381,
0x0000186c,0x00001899,0x0000186d,0x00050051,
0x00000025,0x000017f9,0x00001925,0x00000000,
0x000500b1,0x00000023,0x000017fa,0x000017f9,
0x0000003c,0x000300f7,0x000017fc,0x00000000,
0x000400fa,0x000017fa,0x000017fb,0x000017fc,
0x000200f8,0x000017fb,0x000200f9,0x0000182f,
0x000200f8,0x000017fc,0x00060041,0x00000377,
0x000017fe,0x00000376,0x0000005e,0x00000078,
0x0004003d,0x00000006,0x000017ff,0x000017fe,
0x0004007c,0x00000025,0x00001800,0x000017ff,
0x00050050,0x00000026,0x00001801,0x00001800,
0x00001800,0x00050084,0x00000026,0x00001802,
0x00001925,0x00001801,0x00050080,0x00000026,
0x00001804,0x00001802,0x000004e0,0x0004003d,
0x000003fc,0x00001805,0x000003fe,0x00040064,
0x000003fb,0x00001807,0x00001805,0x0007005f,
0x00000402,0x00001808,0x00001807,0x00001804,
0x00000002,0x0000003c,0x0006000c,0x00000006,
0x00001809,0x00000001,0x00000037,0x00001808,
0x00060041,0x00000377,0x0000180a,0x00000376,
0x00000058,0x00000078,0x0004003d,0x00000006,
0x0000180b,0x0000180a,0x000500c7,0x00000006,
0x0000180c,0x0000180b,0x0000036a,0x000500ab,
0x00000023,0x0000180d,0x0000180c,0x00000040,
0x000300f7,0x0000182d,0x00000000,0x000400fa,
0x0000180d,0x0000180e,0x0000182d,0x000200f8,
0x0000180e,0x000300f7,0x000018ff,0x00000000,
0x000300fb,0x00000040,0x000018ae,0x000200f8,
0x000018ae,0x000300f7,0x000018b8,0x00000000,
0x000400fa,0x00001851,0x000018b7,0x000018b8,
0x000200f8,0x000018b7,0x000200f9,0x000018ff,
0x000200f8,0x000018b8,0x00050082,0x00000006,
0x000018bb,0x0000184b,0x0000184e,0x00060041,
0x00000377,0x000018bc,0x00000376,0x0000005e,
0x00000043,0x0004003d,0x00000006,0x000018bd,
0x000018bc,0x000500ab,0x00000023,0x000018be,
0x000018bd,0x00000040,0x000600a9,0x00000006,
0x000019f2,0x000018be,0x000018bd,0x00000043,
0x00050086,0x00000006,0x000018c7,0x000018bb,
0x000019f2,0x00050084,0x00000006,0x000018cb,
0x000018c7,0x000019f2,0x00050082,0x00000006,
0x000018cc,0x000018bb,0x000018cb,0x00060041,
0x00000377,0x000018ce,0x00000376,0x0000005e,
0x0000036a,0x0004003d,0x00000006,0x000018cf,
0x000018ce,0x000500ae,0x00000023,0x000018d0,
0x000018c7,0x000018cf,0x000300f7,0x000018d2,
0x00000000,0x000400fa,0x000018d0,0x000018d1,
0x000018d2,0x000200f8,0x000018d1,0x000200f9,
0x000018ff,0x000200f8,0x000018d2,0x000500c2,
0x00000006,0x000018d4,0x000017f6,0x00000065,
0x000500c7,0x00000006,0x000018d5,0x000018d4,
0x00000054,0x000500c7,0x00000006,0x000018d7,
0x000017e6,0x000019f0,0x000500c2,0x00000006,
0x000018d8,0x000018d7,0x0000005e,0x000500c6,
0x00000006,0x000018dc,0x000018d5,0x000003b3,
0x0003003e,0x000018a9,0x000003ad,0x00050041,
0x00000083,0x000018e1,0x000018a9,0x000018dc,
0x0004003d,0x00000025,0x000018e2,0x000018e1,
0x0003003e,0x000018ab,0x000003bc,0x00050041,
0x00000083,0x000018e4,0x000018ab,0x000018d8,
0x0004003d,0x00000025,0x000018e5,0x000018e4,
0x00050084,0x00000006,0x000018e7,0x000018cc,
0x00000093,0x000500c7,0x00000025,0x000018e9,
0x000018e2,0x00000070,0x0004007c,0x00000006,
0x000018ea,0x000018e9,0x00050084,0x00000006,
0x000018eb,0x000018ea,0x0000007a,0x00050080,
0x00000006,0x000018ec,0x000018e7,0x000018eb,
0x000500c7,0x00000025,0x000018ee,0x000018e5,
0x00000070,0x0004007c,0x00000006,0x000018ef,
0x000018ee,0x00050080,0x00000006,0x000018f0,
0x000018ec,0x000018ef,0x0004007c,0x00000025,
0x000018f1,0x000018f0,0x00050084,0x00000006,
0x000018f3,0x000018c7,0x00000056,0x000500c3,
0x00000025,0x000018f5,0x000018e2,0x00000059,
0x0004007c,0x00000006,0x000018f6,0x000018f5,
0x00050084,0x00000006,0x000018f7,0x000018f6,
0x0000007a,0x00050080,0x00000006,0x000018f8,
0x000018f3,0x000018f7,0x000500c3,0x00000025,
0x000018fa,0x000018e5,0x00000059,0x0004007c,
0x00000006,0x000018fb,0x000018fa,0x00050080,
0x00000006,0x000018fc,0x000018f8,0x000018fb,
0x0004007c,0x00000025,0x000018fd,0x000018fc,
0x00050050,0x00000026,0x000018fe,0x000018f1,
0x000018fd,0x000200f9,0x000018ff,0x000200f8,
0x000018ff,0x000900f5,0x00000026,0x00001928,
0x00000381,0x000018b7,0x00000381,0x000018d1,
0x000018fe,0x000018d2,0x00050084,0x00000026,
0x00001816,0x00001928,0x00001801,0x00050080,
0x00000026,0x00001818,0x00001816,0x000004e0,
0x0004003d,0x000003fc,0x00001819,0x0000041b,
0x00040064,0x000003fb,0x0000181b,0x00001819,
0x0007005f,0x00000402,0x0000181c,0x0000181b,
0x00001818,0x00000002,0x0000003c,0x00050051,
0x000003fa,0x0000181d,0x0000181c,0x00000000,
0x0008000c,0x000003fa,0x0000181f,0x00000001,
0x0000002b,0x0000181d,0x00000423,0x00000424,
0x00050085,0x000003fa,0x00001820,0x0000181f,
0x00000426,0x00050081,0x000003fa,0x00001821,
0x00001820,0x00000428,0x0004006d,0x00000006,
0x00001822,0x00001821,0x000500c7,0x00000006,
0x00001823,0x00001822,0x0000042b,0x000500b0,
0x00000023,0x00001826,0x000004e9,0x0000042f,
0x000600a9,0x00000006,0x000019f3,0x00001826,
0x00000040,0x00001823,0x000500c7,0x00000006,
0x0000182a,0x00001809,0x00000434,0x000500c5,
0x00000006,0x0000182c,0x0000182a,0x000019f3,
0x000200f9,0x0000182d,0x000200f8,0x0000182d,
0x000700f5,0x00000006,0x0000192e,0x00001809,
0x000017fc,0x0000182c,0x000018ff,0x000200f9,
0x0000182f,0x000200f8,0x0000182f,0x000700f5,
0x00000006,0x0000192f,0x00000040,0x000017fb,
0x0000192e,0x0000182d,0x000200f9,0x000005b3,
0x000200f8,0x000005b2,0x000500ab,0x00000023,
0x00001613,0x000004e6,0x00000040,0x000600a9,
0x00000006,0x00001615,0x00001613,0x000004e6,
0x00000043,0x000500c2,0x00000006,0x00001617,
0x000004e3,0x00000047,0x000500c2,0x00000006,
0x00001619,0x000004d3,0x0000004f,0x00050084,
0x00000006,0x0000161b,0x00001619,0x00001615,
0x00050080,0x00000006,0x0000161c,0x00001617,
0x0000161b,0x000500c2,0x00000006,0x0000161e,
0x000004cd,0x0000004f,0x00050080,0x00000006,
0x0000161f,0x0000161c,0x0000161e,0x000500c2,
0x00000006,0x00001621,0x000004d3,0x0000005f,
0x000500c7,0x00000006,0x00001622,0x00001621,
0x0000007e,0x00050084,0x00000006,0x00001623,
0x00001622,0x000000c1,0x000500c2,0x00000006,
0x00001625,0x000004cd,0x00000059,0x000500c7,
0x00000006,0x00001626,0x00001625,0x00000078,
0x00050080,0x00000006,0x00001627,0x00001623,
0x00001626,0x000300f7,0x00001644,0x00000000,
0x000400fa,0x000005aa,0x0000162a,0x0000162e,
0x000200f8,0x0000162e,0x000300f7,0x00001642,
0x00000000,0x000400fa,0x000005ad,0x00001631,
0x00001635,0x000200f8,0x00001635,0x000300f7,
0x00001640,0x00000000,0x000400fa,0x000005b0,
0x00001638,0x0000163c,0x000200f8,0x0000163c,
0x0003003e,0x0000160d,0x000001e1,0x00050041,
0x00000083,0x0000163e,0x0000160d,0x00001627,
0x0004003d,0x00000025,0x0000163f,0x0000163e,
0x000200f9,0x00001640,0x000200f8,0x00001638,
0x0003003e,0x0000160c,0x00000342,0x00050041,
0x00000083,0x0000163a,0x0000160c,0x00001627,
0x0004003d,0x00000025,0x0000163b,0x0000163a,
0x000200f9,0x00001640,0x000200f8,0x00001640,
0x000700f5,0x00000025,0x00001930,0x0000163b,
0x00001638,0x0000163f,0x0000163c,0x000200f9,
0x00001642,0x000200f8,0x00001631,0x0003003e,
0x0000160a,0x00000336,0x00050041,0x00000083,
0x00001633,0x0000160a,0x00001627,0x0004003d,
0x00000025,0x00001634,0x00001633,0x000200f9,
0x00001642,0x000200f8,0x00001642,0x000700f5,
0x00000025,0x00001931,0x00001634,0x00001631,
0x00001930,0x00001640,0x000200f9,0x00001644,
0x000200f8,0x0000162a,0x0003003e,0x00001608,
0x0000032a,0x00050041,0x00000083,0x0000162c,
0x00001608,0x00001627,0x0004003d,0x00000025,
0x0000162d,0x0000162c,0x000200f9,0x00001644,
0x000200f8,0x00001644,0x000700f5,0x00000025,
0x00001932,0x0000162d,0x0000162a,0x00001931,
0x00001642,0x000500c7,0x00000006,0x00001647,
0x000004e3,0x00000054,0x0004007c,0x00000006,
0x00001649,0x00001932,0x00050080,0x00000006,
0x0000164a,0x00001647,0x00001649,0x000500c4,
0x00000006,0x0000164c,0x0000161f,0x00000068,
0x000500c2,0x00000006,0x0000164e,0x0000164a,
0x00000047,0x000500c4,0x00000006,0x0000164f,
0x0000164e,0x00000068,0x00050080,0x00000006,
0x00001650,0x0000164c,0x0000164f,0x000500c7,
0x00000006,0x00001652,0x0000164a,0x00000054,
0x00050084,0x00000006,0x00001653,0x00001652,
0x00000090,0x00050080,0x00000006,0x00001654,
0x00001650,0x00001653,0x000500c7,0x00000006,
0x00001656,0x000004d3,0x00000043,0x00050084,
0x00000006,0x00001657,0x00001656,0x000001bb,
0x000500c7,0x00000006,0x00001659,0x000004cd,
0x000001b9,0x00050080,0x00000006,0x0000165a,
0x00001657,0x00001659,0x0003003e,0x0000160f,
0x0000035f,0x00050041,0x00000083,0x0000165b,
0x0000160f,0x0000165a,0x0004003d,0x00000025,
0x0000165c,0x0000165b,0x0004007c,0x00000006,
0x0000165d,0x0000165c,0x00050084,0x00000006,
0x0000165e,0x0000165d,0x0000036a,0x00050080,
0x00000006,0x0000165f,0x00001654,0x0000165e,
0x000300f7,0x000016a8,0x00000000,0x000300fb,
0x00000040,0x0000166d,0x000200f8,0x0000166d,
0x000500c7,0x00000006,0x0000166f,0x0000165f,
0x000003e6,0x000300f7,0x00001713,0x00000000,
0x000300fb,0x00000040,0x000016c2,0x000200f8,
0x000016c2,0x000500c2,0x00000006,0x000016c4,
0x0000166f,0x00000068,0x00060041,0x00000377,
0x000016c5,0x00000376,0x0000005e,0x00000040,
0x0004003d,0x00000006,0x000016c6,0x000016c5,
0x000500c2,0x00000006,0x000016c7,0x000016c6,
0x00000047,0x000500b0,0x00000023,0x000016ca,
0x000016c4,0x000016c7,0x000300f7,0x000016cc,
0x00000000,0x000400fa,0x000016ca,0x000016cb,
0x000016cc,0x000200f8,0x000016cb,0x000200f9,
0x00001713,0x000200f8,0x000016cc,0x00050082,
0x00000006,0x000016cf,0x000016c4,0x000016c7,
0x00060041,0x00000377,0x000016d0,0x00000376,
0x0000005e,0x00000043,0x0004003d,0x00000006,
0x000016d1,0x000016d0,0x000500ab,0x00000023,
0x000016d2,0x000016d1,0x00000040,0x000600a9,
0x00000006,0x000019f4,0x000016d2,0x000016d1,
0x00000043,0x00050086,0x00000006,0x000016db,
0x000016cf,0x000019f4,0x00050084,0x00000006,
0x000016df,0x000016db,0x000019f4,0x00050082,
0x00000006,0x000016e0,0x000016cf,0x000016df,
0x00060041,0x00000377,0x000016e2,0x00000376,
0x0000005e,0x0000036a,0x0004003d,0x00000006,
0x000016e3,0x000016e2,0x000500ae,0x00000023,
0x000016e4,0x000016db,0x000016e3,0x000300f7,
0x000016e6,0x00000000,0x000400fa,0x000016e4,
0x000016e5,0x000016e6,0x000200f8,0x000016e5,
0x000200f9,0x00001713,0x000200f8,0x000016e6,
0x000500c2,0x00000006,0x000016e8,0x0000166f,
0x00000065,0x000500c7,0x00000006,0x000016e9,
0x000016e8,0x00000054,0x000500c7,0x00000006,
0x000016eb,0x0000165f,0x000019f0,0x000500c2,
0x00000006,0x000016ec,0x000016eb,0x0000005e,
0x0003003e,0x000016bd,0x000003ad,0x00050041,
0x00000083,0x000016f5,0x000016bd,0x000016e9,
0x0004003d,0x00000025,0x000016f6,0x000016f5,
0x0003003e,0x000016bf,0x000003bc,0x00050041,
0x00000083,0x000016f8,0x000016bf,0x000016ec,
0x0004003d,0x00000025,0x000016f9,0x000016f8,
0x00050084,0x00000006,0x000016fb,0x000016e0,
0x00000093,0x000500c7,0x00000025,0x000016fd,
0x000016f6,0x00000070,0x0004007c,0x00000006,
0x000016fe,0x000016fd,0x00050084,0x00000006,
0x000016ff,0x000016fe,0x0000007a,0x00050080,
0x00000006,0x00001700,0x000016fb,0x000016ff,
0x000500c7,0x00000025,0x00001702,0x000016f9,
0x00000070,0x0004007c,0x00000006,0x00001703,
0x00001702,0x00050080,0x00000006,0x00001704,
0x00001700,0x00001703,0x0004007c,0x00000025,
0x00001705,0x00001704,0x00050084,0x00000006,
0x00001707,0x000016db,0x00000056,0x000500c3,
0x00000025,0x00001709,0x000016f6,0x00000059,
0x0004007c,0x00000006,0x0000170a,0x00001709,
0x00050084,0x00000006,0x0000170b,0x0000170a,
0x0000007a,0x00050080,0x00000006,0x0000170c,
0x00001707,0x0000170b,0x000500c3,0x00000025,
0x0000170e,0x000016f9,0x00000059,0x0004007c,
0x00000006,0x0000170f,0x0000170e,0x00050080,
0x00000006,0x00001710,0x0000170c,0x0000170f,
0x0004007c,0x00000025,0x00001711,0x00001710,
0x00050050,0x00000026,0x00001712,0x00001705,
0x00001711,0x000200f9,0x00001713,0x000200f8,
0x00001713,0x000900f5,0x00000026,0x00001935,
0x00000381,0x000016cb,0x00000381,0x000016e5,
0x00001712,0x000016e6,0x00050051,0x00000025,
0x00001672,0x00001935,0x00000000,0x000500b1,
0x00000023,0x00001673,0x00001672,0x0000003c,
0x000300f7,0x00001675,0x00000000,0x000400fa,
0x00001673,0x00001674,0x00001675,0x000200f8,
0x00001674,0x000200f9,0x000016a8,0x000200f8,
0x00001675,0x00060041,0x00000377,0x00001677,
0x00000376,0x0000005e,0x00000078,0x0004003d,
0x00000006,0x00001678,0x00001677,0x0004007c,
0x00000025,0x00001679,0x00001678,0x00050050,
0x00000026,0x0000167a,0x00001679,0x00001679,
0x00050084,0x00000026,0x0000167b,0x00001935,
0x0000167a,0x00050080,0x00000026,0x0000167d,
0x0000167b,0x000004e0,0x0004003d,0x000003fc,
0x0000167e,0x000003fe,0x00040064,0x000003fb,
0x00001680,0x0000167e,0x0007005f,0x00000402,
0x00001681,0x00001680,0x0000167d,0x00000002,
0x0000003c,0x0006000c,0x00000006,0x00001682,
0x00000001,0x00000037,0x00001681,0x00060041,
0x00000377,0x00001683,0x00000376,0x00000058,
0x00000078,0x0004003d,0x00000006,0x00001684,
0x00001683,0x000500c7,0x00000006,0x00001685,
0x00001684,0x0000036a,0x000500ab,0x00000023,
0x00001686,0x00001685,0x00000040,0x000300f7,
0x000016a6,0x00000000,0x000400fa,0x00001686,
0x00001687,0x000016a6,0x000200f8,0x00001687,
0x000300f7,0x00001778,0x00000000,0x000300fb,
0x00000040,0x00001727,0x000200f8,0x00001727,
0x000300f7,0x00001731,0x00000000,0x000400fa,
0x000016ca,0x00001730,0x00001731,0x000200f8,
0x00001730,0x000200f9,0x00001778,0x000200f8,
0x00001731,0x00050082,0x00000006,0x00001734,
0x000016c4,0x000016c7,0x00060041,0x00000377,
0x00001735,0x00000376,0x0000005e,0x00000043,
0x0004003d,0x00000006,0x00001736,0x00001735,
0x000500ab,0x00000023,0x00001737,0x00001736,
0x00000040,0x000600a9,0x00000006,0x000019f5,
0x00001737,0x00001736,0x00000043,0x00050086,
0x00000006,0x00001740,0x00001734,0x000019f5,
0x00050084,0x00000006,0x00001744,0x00001740,
0x000019f5,0x00050082,0x00000006,0x00001745,
0x00001734,0x00001744,0x00060041,0x00000377,
0x00001747,0x00000376,0x0000005e,0x0000036a,
0x0004003d,0x00000006,0x00001748,0x00001747,
0x000500ae,0x00000023,0x00001749,0x00001740,
0x00001748,0x000300f7,0x0000174b,0x00000000,
0x000400fa,0x00001749,0x0000174a,0x0000174b,
0x000200f8,0x0000174a,0x000200f9,0x00001778,
0x000200f8,0x0000174b,0x000500c2,0x00000006,
0x0000174d,0x0000166f,0x00000065,0x000500c7,
0x00000006,0x0000174e,0x0000174d,0x00000054,
0x000500c7,0x00000006,0x00001750,0x0000165f,
0x000019f0,0x000500c2,0x00000006,0x00001751,
0x00001750,0x0000005e,0x000500c6,0x00000006,
0x00001755,0x0000174e,0x000003b3,0x0003003e,
0x00001722,0x000003ad,0x00050041,0x00000083,
0x0000175a,0x00001722,0x00001755,0x0004003d,
0x00000025,0x0000175b,0x0000175a,0x0003003e,
0x00001724,0x000003bc,0x00050041,0x00000083,
0x0000175d,0x00001724,0x00001751,0x0004003d,
0x00000025,0x0000175e,0x0000175d,0x00050084,
0x00000006,0x00001760,0x00001745,0x00000093,
0x000500c7,0x00000025,0x00001762,0x0000175b,
0x00000070,0x0004007c,0x00000006,0x00001763,
0x00001762,0x00050084,0x00000006,0x00001764,
0x00001763,0x0000007a,0x00050080,0x00000006,
0x00001765,0x00001760,0x00001764,0x000500c7,
0x00000025,0x00001767,0x0000175e,0x00000070,
0x0004007c,0x00000006,0x00001768,0x00001767,
0x00050080,0x00000006,0x00001769,0x00001765,
0x00001768,0x0004007c,0x00000025,0x0000176a,
0x00001769,0x00050084,0x00000006,0x0000176c,
0x00001740,0x00000056,0x000500c3,0x00000025,
0x0000176e,0x0000175b,0x00000059,0x0004007c,
0x00000006,0x0000176f,0x0000176e,0x00050084,
0x00000006,0x00001770,0x0000176f,0x0000007a,
0x00050080,0x00000006,0x00001771,0x0000176c,
0x00001770,0x000500c3,0x00000025,0x00001773,
0x0000175e,0x00000059,0x0004007c,0x00000006,
0x00001774,0x00001773,0x00050080,0x00000006,
0x00001775,0x00001771,0x00001774,0x0004007c,
0x00000025,0x00001776,0x00001775,0x00050050,
0x00000026,0x00001777,0x0000176a,0x00001776,
0x000200f9,0x00001778,0x000200f8,0x00001778,
0x000900f5,0x00000026,0x00001938,0x00000381,
0x00001730,0x00000381,0x0000174a,0x00001777,
0x0000174b,0x00050084,0x00000026,0x0000168f,
0x00001938,0x0000167a,0x00050080,0x00000026,
0x00001691,0x0000168f,0x000004e0,0x0004003d,
0x000003fc,0x00001692,0x0000041b,0x00040064,
0x000003fb,0x00001694,0x00001692,0x0007005f,
0x00000402,0x00001695,0x00001694,0x00001691,
0x00000002,0x0000003c,0x00050051,0x000003fa,
0x00001696,0x00001695,0x00000000,0x0008000c,
0x000003fa,0x00001698,0x00000001,0x0000002b,
0x00001696,0x00000423,0x00000424,0x00050085,
0x000003fa,0x00001699,0x00001698,0x00000426,
0x00050081,0x000003fa,0x0000169a,0x00001699,
0x00000428,0x0004006d,0x00000006,0x0000169b,
0x0000169a,0x000500c7,0x00000006,0x0000169c,
0x0000169b,0x0000042b,0x000500b0,0x00000023,
0x0000169f,0x000004e9,0x0000042f,0x000600a9,
0x00000006,0x000019f6,0x0000169f,0x00000040,
0x0000169c,0x000500c7,0x00000006,0x000016a3,
0x00001682,0x00000434,0x000500c5,0x00000006,
0x000016a5,0x000016a3,0x000019f6,0x000200f9,
0x000016a6,0x000200f8,0x000016a6,0x000700f5,
0x00000006,0x0000193e,0x00001682,0x00001675,
0x000016a5,0x00001778,0x000200f9,0x000016a8,
0x000200f8,0x000016a8,0x000700f5,0x00000006,
0x0000193f,0x00000040,0x00001674,0x0000193e,
0x000016a6,0x000500c7,0x00000006,0x000005c5,
0x0000165f,0x0000036a,0x000500ab,0x00000023,
0x000005c6,0x000005c5,0x00000040,0x000300f7,
0x000005c9,0x00000000,0x000400fa,0x000005c6,
0x000005c8,0x000005cc,0x000200f8,0x000005cc,
0x000500c7,0x00000006,0x000005cf,0x0000193f,
0x000005ce,0x000200f9,0x000005c9,0x000200f8,
0x000005c8,0x000500c2,0x00000006,0x000005cb,
0x0000193f,0x0000005a,0x000200f9,0x000005c9,
0x000200f8,0x000005c9,0x000700f5,0x00000006,
0x00001940,0x000005cb,0x000005c8,0x000005cf,
0x000005cc,0x000500c7,0x00000006,0x00001783,
0x00001940,0x00000054,0x000500c4,0x00000006,
0x00001784,0x00001783,0x0000005f,0x000500c2,
0x00000006,0x00001786,0x00001940,0x00000047,
0x000500c7,0x00000006,0x00001787,0x00001786,
0x00000054,0x000500c4,0x00000006,0x00001788,
0x00001787,0x0000005f,0x000500c2,0x00000006,
0x0000178a,0x00001940,0x0000006d,0x000500c7,
0x00000006,0x0000178b,0x0000178a,0x00000054,
0x000500c4,0x00000006,0x0000178c,0x0000178b,
0x0000005f,0x000500c7,0x00000006,0x0000178e,
0x00001940,0x0000044b,0x000500ab,0x00000023,
0x0000178f,0x0000178e,0x00000040,0x000300f7,
0x000017a3,0x00000000,0x000400fa,0x0000178f,
0x00001790,0x00001793,0x000200f8,0x00001793,
0x00060041,0x00000377,0x00001794,0x00000376,
0x0000005f,0x00000043,0x0004003d,0x00000006,
0x00001795,0x00001794,0x000500ab,0x00000023,
0x00001796,0x00001795,0x00000040,0x000300f7,
0x0000179b,0x00000000,0x000400fa,0x00001796,
0x00001797,0x0000179b,0x000200f8,0x00001797,
0x000500c7,0x00000006,0x00001799,0x00001940,
0x0000045a,0x000500aa,0x00000023,0x0000179a,
0x00001799,0x00000040,0x000200f9,0x0000179b,
0x000200f8,0x0000179b,0x000700f5,0x00000023,
0x0000179c,0x00001796,0x00001793,0x0000179a,
0x00001797,0x000300f7,0x000017a1,0x00000000,
0x000400fa,0x0000179c,0x0000179d,0x0000179e,
0x000200f8,0x0000179e,0x00060041,0x00000377,
0x0000179f,0x00000376,0x0000005f,0x00000040,
0x0004003d,0x00000006,0x000017a0,0x0000179f,
0x000200f9,0x000017a1,0x000200f8,0x0000179d,
0x000200f9,0x000017a1,0x000200f8,0x000017a1,
0x000700f5,0x00000006,0x00001941,0x00000040,
0x0000179d,0x000017a0,0x0000179e,0x000200f9,
0x000017a3,0x000200f8,0x00001790,0x00060041,
0x00000377,0x00001791,0x00000376,0x0000005f,
0x0000036a,0x0004003d,0x00000006,0x00001792,
0x00001791,0x000200f9,0x000017a3,0x000200f8,
0x000017a3,0x000700f5,0x00000006,0x00001942,
0x00001792,0x00001790,0x00001941,0x000017a1,
0x000500c4,0x00000006,0x000017a7,0x00001788,
0x00000065,0x000500c5,0x00000006,0x000017a8,
0x00001784,0x000017a7,0x000500c4,0x00000006,
0x000017aa,0x0000178c,0x0000005a,0x000500c5,
0x00000006,0x000017ab,0x000017a8,0x000017aa,
0x000500c4,0x00000006,0x000017ad,0x00001942,
0x00000069,0x000500c5,0x00000006,0x000017ae,
0x000017ab,0x000017ad,0x000200f9,0x000005b3,
0x000200f8,0x000005b3,0x000700f5,0x00000006,
0x000019ef,0x000017ae,0x000017a3,0x0000192f,
0x0000182f,0x000200f9,0x00000588,0x000200f8,
0x00000587,0x000500ab,0x00000023,0x000014b9,
0x000004e6,0x00000040,0x000600a9,0x00000006,
0x000014bb,0x000014b9,0x000004e6,0x00000043,
0x000500c2,0x00000006,0x000014bd,0x000004e3,
0x00000047,0x000500c2,0x00000006,0x000014bf,
0x000004d3,0x00000047,0x00050084,0x00000006,
0x000014c1,0x000014bf,0x000014bb,0x00050080,
0x00000006,0x000014c2,0x000014bd,0x000014c1,
0x000500c2,0x00000006,0x000014c4,0x000004cd,
0x0000004f,0x00050080,0x00000006,0x000014c5,
0x000014c2,0x000014c4,0x000500c7,0x00000006,
0x000014c7,0x000004e3,0x00000054,0x000500c2,
0x00000006,0x000014c9,0x000004d3,0x0000005f,
0x000500c7,0x00000006,0x000014ca,0x000014c9,
0x00000078,0x00050084,0x00000006,0x000014cb,
0x000014ca,0x0000007a,0x000500c2,0x00000006,
0x000014cd,0x000004cd,0x0000005f,0x000500c7,
0x00000006,0x000014ce,0x000014cd,0x0000007e,
0x00050080,0x00000006,0x000014cf,0x000014cb,
0x000014ce,0x0003003e,0x000014b4,0x00000075,
0x00050041,0x00000083,0x000014d0,0x000014b4,
0x000014cf,0x0004003d,0x00000025,0x000014d1,
0x000014d0,0x0004007c,0x00000006,0x000014d2,
0x000014d1,0x00050080,0x00000006,0x000014d3,
0x000014c7,0x000014d2,0x000500c4,0x00000006,
0x000014d5,0x000014c5,0x00000068,0x000500c2,
0x00000006,0x000014d7,0x000014d3,0x00000047,
0x000500c4,0x00000006,0x000014d8,0x000014d7,
0x00000068,0x00050080,0x00000006,0x000014d9,
0x000014d5,0x000014d8,0x000500c7,0x00000006,
0x000014db,0x000014d3,0x00000054,0x00050084,
0x00000006,0x000014dc,0x000014db,0x00000090,
0x00050080,0x00000006,0x000014dd,0x000014d9,
0x000014dc,0x000500c7,0x00000006,0x000014df,
0x000004d3,0x0000007e,0x00050084,0x00000006,
0x000014e0,0x000014df,0x0000007a,0x000500c7,
0x00000006,0x000014e2,0x000004cd,0x0000007e,
0x00050080,0x00000006,0x000014e3,0x000014e0,
0x000014e2,0x0003003e,0x000014b5,0x000000b5,
0x00050041,0x00000083,0x000014e4,0x000014b5,
0x000014e3,0x0004003d,0x00000025,0x000014e5,
0x000014e4,0x0004007c,0x00000006,0x000014e6,
0x000014e5,0x00050084,0x00000006,0x000014e7,
0x000014e6,0x000000c1,0x00050080,0x00000006,
0x000014e8,0x000014dd,0x000014e7,0x000300f7,
0x00001531,0x00000000,0x000300fb,0x00000040,
0x000014f6,0x000200f8,0x000014f6,0x000500c7,
0x00000006,0x000014f8,0x000014e8,0x000003e6,
0x000300f7,0x0000159c,0x00000000,0x000300fb,
0x00000040,0x0000154b,0x000200f8,0x0000154b,
0x000500c2,0x00000006,0x0000154d,0x000014f8,
0x00000068,0x00060041,0x00000377,0x0000154e,
0x00000376,0x0000005e,0x00000040,0x0004003d,
0x00000006,0x0000154f,0x0000154e,0x000500c2,
0x00000006,0x00001550,0x0000154f,0x00000047,
0x000500b0,0x00000023,0x00001553,0x0000154d,
0x00001550,0x000300f7,0x00001555,0x00000000,
0x000400fa,0x00001553,0x00001554,0x00001555,
0x000200f8,0x00001554,0x000200f9,0x0000159c,
0x000200f8,0x00001555,0x00050082,0x00000006,
0x00001558,0x0000154d,0x00001550,0x00060041,
0x00000377,0x00001559,0x00000376,0x0000005e,
0x00000043,0x0004003d,0x00000006,0x0000155a,
0x00001559,0x000500ab,0x00000023,0x0000155b,
0x0000155a,0x00000040,0x000600a9,0x00000006,
0x000019f7,0x0000155b,0x0000155a,0x00000043,
0x00050086,0x00000006,0x00001564,0x00001558,
0x000019f7,0x00050084,0x00000006,0x00001568,
0x00001564,0x000019f7,0x00050082,0x00000006,
0x00001569,0x00001558,0x00001568,0x00060041,
0x00000377,0x0000156b,0x00000376,0x0000005e,
0x0000036a,0x0004003d,0x00000006,0x0000156c,
0x0000156b,0x000500ae,0x00000023,0x0000156d,
0x00001564,0x0000156c,0x000300f7,0x0000156f,
0x00000000,0x000400fa,0x0000156d,0x0000156e,
0x0000156f,0x000200f8,0x0000156e,0x000200f9,
0x0000159c,0x000200f8,0x0000156f,0x000500c2,
0x00000006,0x00001571,0x000014f8,0x00000065,
0x000500c7,0x00000006,0x00001572,0x00001571,
0x00000054,0x000500c7,0x00000006,0x00001574,
0x000014e8,0x000019f0,0x000500c2,0x00000006,
0x00001575,0x00001574,0x0000005e,0x0003003e,
0x00001546,0x000003ad,0x00050041,0x00000083,
0x0000157e,0x00001546,0x00001572,0x0004003d,
0x00000025,0x0000157f,0x0000157e,0x0003003e,
0x00001548,0x000003bc,0x00050041,0x00000083,
0x00001581,0x00001548,0x00001575,0x0004003d,
0x00000025,0x00001582,0x00001581,0x00050084,
0x00000006,0x00001584,0x00001569,0x00000093,
0x000500c7,0x00000025,0x00001586,0x0000157f,
0x00000070,0x0004007c,0x00000006,0x00001587,
0x00001586,0x00050084,0x00000006,0x00001588,
0x00001587,0x0000007a,0x00050080,0x00000006,
0x00001589,0x00001584,0x00001588,0x000500c7,
0x00000025,0x0000158b,0x00001582,0x00000070,
0x0004007c,0x00000006,0x0000158c,0x0000158b,
0x00050080,0x00000006,0x0000158d,0x00001589,
0x0000158c,0x0004007c,0x00000025,0x0000158e,
0x0000158d,0x00050084,0x00000006,0x00001590,
0x00001564,0x00000056,0x000500c3,0x00000025,
0x00001592,0x0000157f,0x00000059,0x0004007c,
0x00000006,0x00001593,0x00001592,0x00050084,
0x00000006,0x00001594,0x00001593,0x0000007a,
0x00050080,0x00000006,0x00001595,0x00001590,
0x00001594,0x000500c3,0x00000025,0x00001597,
0x00001582,0x00000059,0x0004007c,0x00000006,
0x00001598,0x00001597,0x00050080,0x00000006,
0x00001599,0x00001595,0x00001598,0x0004007c,
0x00000025,0x0000159a,0x00001599,0x00050050,
0x00000026,0x0000159b,0x0000158e,0x0000159a,
0x000200f9,0x0000159c,0x000200f8,0x0000159c,
0x000900f5,0x00000026,0x00001945,0x00000381,
0x00001554,0x00000381,0x0000156e,0x0000159b,
0x0000156f,0x00050051,0x00000025,0x000014fb,
0x00001945,0x00000000,0x000500b1,0x00000023,
0x000014fc,0x000014fb,0x0000003c,0x000300f7,
0x000014fe,0x00000000,0x000400fa,0x000014fc,
0x000014fd,0x000014fe,0x000200f8,0x000014fd,
0x000200f9,0x00001531,0x000200f8,0x000014fe,
0x00060041,0x00000377,0x00001500,0x00000376,
0x0000005e,0x00000078,0x0004003d,0x00000006,
0x00001501,0x00001500,0x0004007c,0x00000025,
0x00001502,0x00001501,0x00050050,0x00000026,
0x00001503,0x00001502,0x00001502,0x00050084,
0x00000026,0x00001504,0x00001945,0x00001503,
0x00050080,0x00000026,0x00001506,0x00001504,
0x000004e0,0x0004003d,0x000003fc,0x00001507,
0x000003fe,0x00040064,0x000003fb,0x00001509,
0x00001507,0x0007005f,0x00000402,0x0000150a,
0x00001509,0x00001506,0x00000002,0x0000003c,
0x0006000c,0x00000006,0x0000150b,0x00000001,
0x00000037,0x0000150a,0x00060041,0x00000377,
0x0000150c,0x00000376,0x00000058,0x00000078,
0x0004003d,0x00000006,0x0000150d,0x0000150c,
0x000500c7,0x00000006,0x0000150e,0x0000150d,
0x0000036a,0x000500ab,0x00000023,0x0000150f,
0x0000150e,0x00000040,0x000300f7,0x0000152f,
0x00000000,0x000400fa,0x0000150f,0x00001510,
0x0000152f,0x000200f8,0x00001510,0x000300f7,
0x00001601,0x00000000,0x000300fb,0x00000040,
0x000015b0,0x000200f8,0x000015b0,0x000300f7,
0x000015ba,0x00000000,0x000400fa,0x00001553,
0x000015b9,0x000015ba,0x000200f8,0x000015b9,
0x000200f9,0x00001601,0x000200f8,0x000015ba,
0x00050082,0x00000006,0x000015bd,0x0000154d,
0x00001550,0x00060041,0x00000377,0x000015be,
0x00000376,0x0000005e,0x00000043,0x0004003d,
0x00000006,0x000015bf,0x000015be,0x000500ab,
0x00000023,0x000015c0,0x000015bf,0x00000040,
0x000600a9,0x00000006,0x000019f8,0x000015c0,
0x000015bf,0x00000043,0x00050086,0x00000006,
0x000015c9,0x000015bd,0x000019f8,0x00050084,
0x00000006,0x000015cd,0x000015c9,0x000019f8,
0x00050082,0x00000006,0x000015ce,0x000015bd,
0x000015cd,0x00060041,0x00000377,0x000015d0,
0x00000376,0x0000005e,0x0000036a,0x0004003d,
0x00000006,0x000015d1,0x000015d0,0x000500ae,
0x00000023,0x000015d2,0x000015c9,0x000015d1,
0x000300f7,0x000015d4,0x00000000,0x000400fa,
0x000015d2,0x000015d3,0x000015d4,0x000200f8,
0x000015d3,0x000200f9,0x00001601,0x000200f8,
0x000015d4,0x000500c2,0x00000006,0x000015d6,
0x000014f8,0x00000065,0x000500c7,0x00000006,
0x000015d7,0x000015d6,0x00000054,0x000500c7,
0x00000006,0x000015d9,0x000014e8,0x000019f0,
0x000500c2,0x00000006,0x000015da,0x000015d9,
0x0000005e,0x000500c6,0x00000006,0x000015de,
0x000015d7,0x000003b3,0x0003003e,0x000015ab,
0x000003ad,0x00050041,0x00000083,0x000015e3,
0x000015ab,0x000015de,0x0004003d,0x00000025,
0x000015e4,0x000015e3,0x0003003e,0x000015ad,
0x000003bc,0x00050041,0x00000083,0x000015e6,
0x000015ad,0x000015da,0x0004003d,0x00000025,
0x000015e7,0x000015e6,0x00050084,0x00000006,
0x000015e9,0x000015ce,0x00000093,0x000500c7,
0x00000025,0x000015eb,0x000015e4,0x00000070,
0x0004007c,0x00000006,0x000015ec,0x000015eb,
0x00050084,0x00000006,0x000015ed,0x000015ec,
0x0000007a,0x00050080,0x00000006,0x000015ee,
0x000015e9,0x000015ed,0x000500c7,0x00000025,
0x000015f0,0x000015e7,0x00000070,0x0004007c,
0x00000006,0x000015f1,0x000015f0,0x00050080,
0x00000006,0x000015f2,0x000015ee,0x000015f1,
0x0004007c,0x00000025,0x000015f3,0x000015f2,
0x00050084,0x00000006,0x000015f5,0x000015c9,
0x00000056,0x000500c3,0x00000025,0x000015f7,
0x000015e4,0x00000059,0x0004007c,0x00000006,
0x000015f8,0x000015f7,0x00050084,0x00000006,
0x000015f9,0x000015f8,0x0000007a,0x00050080,
0x00000006,0x000015fa,0x000015f5,0x000015f9,
0x000500c3,0x00000025,0x000015fc,0x000015e7,
0x00000059,0x0004007c,0x00000006,0x000015fd,
0x000015fc,0x00050080,0x00000006,0x000015fe,
0x000015fa,0x000015fd,0x0004007c,0x00000025,
0x000015ff,0x000015fe,0x00050050,0x00000026,
0x00001600,0x000015f3,0x000015ff,0x000200f9,
0x00001601,0x000200f8,0x00001601,0x000900f5,
0x00000026,0x00001948,0x00000381,0x000015b9,
0x00000381,0x000015d3,0x00001600,0x000015d4,
0x00050084,0x00000026,0x00001518,0x00001948,
0x00001503,0x00050080,0x00000026,0x0000151a,
0x00001518,0x000004e0,0x0004003d,0x000003fc,
0x0000151b,0x0000041b,0x00040064,0x000003fb,
0x0000151d,0x0000151b,0x0007005f,0x00000402,
0x0000151e,0x0000151d,0x0000151a,0x00000002,
0x0000003c,0x00050051,0x000003fa,0x0000151f,
0x0000151e,0x00000000,0x0008000c,0x000003fa,
0x00001521,0x00000001,0x0000002b,0x0000151f,
0x00000423,0x00000424,0x00050085,0x000003fa,
0x00001522,0x00001521,0x00000426,0x00050081,
0x000003fa,0x00001523,0x00001522,0x00000428,
0x0004006d,0x00000006,0x00001524,0x00001523,
0x000500c7,0x00000006,0x00001525,0x00001524,
0x0000042b,0x000500b0,0x00000023,0x00001528,
0x000004e9,0x0000042f,0x000600a9,0x00000006,
0x000019f9,0x00001528,0x00000040,0x00001525,
0x000500c7,0x00000006,0x0000152c,0x0000150b,
0x00000434,0x000500c5,0x00000006,0x0000152e,
0x0000152c,0x000019f9,0x000200f9,0x0000152f,
0x000200f8,0x0000152f,0x000700f5,0x00000006,
0x0000194e,0x0000150b,0x000014fe,0x0000152e,
0x00001601,0x000200f9,0x00001531,0x000200f8,
0x00001531,0x000700f5,0x00000006,0x0000194f,
0x00000040,0x000014fd,0x0000194e,0x0000152f,
0x000500c7,0x00000006,0x00000595,0x0000194f,
0x0000042b,0x00060041,0x00000377,0x00000597,
0x00000376,0x0000005f,0x00000043,0x0004003d,
0x00000006,0x00000598,0x00000597,0x000500ab,
0x00000023,0x00000599,0x00000598,0x00000040,
0x000500aa,0x00000023,0x0000059b,0x00000595,
0x00000040,0x000500a7,0x00000023,0x0000059c,
0x00000599,0x0000059b,0x000300f7,0x0000059f,
0x00000000,0x000400fa,0x0000059c,0x0000059e,
0x000005a0,0x000200f8,0x000005a0,0x00060041,
0x00000377,0x000005a1,0x00000376,0x0000005f,
0x00000040,0x0004003d,0x00000006,0x000005a2,
0x000005a1,0x000200f9,0x0000059f,0x000200f8,
0x0000059e,0x000200f9,0x0000059f,0x000200f8,
0x0000059f,0x000700f5,0x00000006,0x00001950,
0x00000040,0x0000059e,0x000005a2,0x000005a0,
0x000500c4,0x00000006,0x000005a4,0x00001950,
0x00000069,0x000500c5,0x00000006,0x000005a5,
0x00000595,0x000005a4,0x000200f9,0x00000588,
0x000200f8,0x00000588,0x000700f5,0x00000006,
0x000019ee,0x000005a5,0x0000059f,0x000019ef,
0x000005b3,0x000200f9,0x0000056e,0x000200f8,
0x0000056d,0x000500ab,0x00000023,0x000011c9,
0x000004e6,0x00000040,0x000600a9,0x00000006,
0x000011cb,0x000011c9,0x000004e6,0x00000043,
0x000500c2,0x00000006,0x000011cd,0x000004e3,
0x00000047,0x000500c2,0x00000006,0x000011cf,
0x000004d3,0x00000047,0x00050084,0x00000006,
0x000011d1,0x000011cf,0x000011cb,0x00050080,
0x00000006,0x000011d2,0x000011cd,0x000011d1,
0x000500c2,0x00000006,0x000011d4,0x000004cd,
0x0000004f,0x00050080,0x00000006,0x000011d5,
0x000011d2,0x000011d4,0x000500c7,0x00000006,
0x000011d7,0x000004e3,0x00000054,0x000500c2,
0x00000006,0x000011d9,0x000004d3,0x0000005f,
0x000500c7,0x00000006,0x000011da,0x000011d9,
0x00000078,0x00050084,0x00000006,0x000011db,
0x000011da,0x0000007a,0x000500c2,0x00000006,
0x000011dd,0x000004cd,0x0000005f,0x000500c7,
0x00000006,0x000011de,0x000011dd,0x0000007e,
0x00050080,0x00000006,0x000011df,0x000011db,
0x000011de,0x0003003e,0x000011c4,0x00000075,
0x00050041,0x00000083,0x000011e0,0x000011c4,
0x000011df,0x0004003d,0x00000025,0x000011e1,
0x000011e0,0x0004007c,0x00000006,0x000011e2,
0x000011e1,0x00050080,0x00000006,0x000011e3,
0x000011d7,0x000011e2,0x000500c4,0x00000006,
0x000011e5,0x000011d5,0x00000068,0x000500c2,
0x00000006,0x000011e7,0x000011e3,0x00000047,
0x000500c4,0x00000006,0x000011e8,0x000011e7,
0x00000068,0x00050080,0x00000006,0x000011e9,
0x000011e5,0x000011e8,0x000500c7,0x00000006,
0x000011eb,0x000011e3,0x00000054,0x00050084,
0x00000006,0x000011ec,0x000011eb,0x00000090,
0x00050080,0x00000006,0x000011ed,0x000011e9,
0x000011ec,0x000500c7,0x00000006,0x000011ef,
0x000004d3,0x0000007e,0x00050084,0x00000006,
0x000011f0,0x000011ef,0x0000007a,0x000500c7,
0x00000006,0x000011f2,0x000004cd,0x0000007e,
0x00050080,0x00000006,0x000011f3,0x000011f0,
0x000011f2,0x0003003e,0x000011c5,0x000000b5,
0x00050041,0x00000083,0x000011f4,0x000011c5,
0x000011f3,0x0004003d,0x00000025,0x000011f5,
0x000011f4,0x0004007c,0x00000006,0x000011f6,
0x000011f5,0x00050084,0x00000006,0x000011f7,
0x000011f6,0x000000c1,0x00050080,0x00000006,
0x000011f8,0x000011ed,0x000011f7,0x000300f7,
0x00001241,0x00000000,0x000300fb,0x00000040,
0x00001206,0x000200f8,0x00001206,0x000500c7,
0x00000006,0x00001208,0x000011f8,0x000003e6,
0x000300f7,0x000012ac,0x00000000,0x000300fb,
0x00000040,0x0000125b,0x000200f8,0x0000125b,
0x000500c2,0x00000006,0x0000125d,0x00001208,
0x00000068,0x00060041,0x00000377,0x0000125e,
0x00000376,0x0000005e,0x00000040,0x0004003d,
0x00000006,0x0000125f,0x0000125e,0x000500c2,
0x00000006,0x00001260,0x0000125f,0x00000047,
0x000500b0,0x00000023,0x00001263,0x0000125d,
0x00001260,0x000300f7,0x00001265,0x00000000,
0x000400fa,0x00001263,0x00001264,0x00001265,
0x000200f8,0x00001264,0x000200f9,0x000012ac,
0x000200f8,0x00001265,0x00050082,0x00000006,
0x00001268,0x0000125d,0x00001260,0x00060041,
0x00000377,0x00001269,0x00000376,0x0000005e,
0x00000043,0x0004003d,0x00000006,0x0000126a,
0x00001269,0x000500ab,0x00000023,0x0000126b,
0x0000126a,0x00000040,0x000600a9,0x00000006,
0x000019fa,0x0000126b,0x0000126a,0x00000043,
0x00050086,0x00000006,0x00001274,0x00001268,
0x000019fa,0x00050084,0x00000006,0x00001278,
0x00001274,0x000019fa,0x00050082,0x00000006,
0x00001279,0x00001268,0x00001278,0x00060041,
0x00000377,0x0000127b,0x00000376,0x0000005e,
0x0000036a,0x0004003d,0x00000006,0x0000127c,
0x0000127b,0x000500ae,0x00000023,0x0000127d,
0x00001274,0x0000127c,0x000300f7,0x0000127f,
0x00000000,0x000400fa,0x0000127d,0x0000127e,
0x0000127f,0x000200f8,0x0000127e,0x000200f9,
0x000012ac,0x000200f8,0x0000127f,0x000500c2,
0x00000006,0x00001281,0x00001208,0x00000065,
0x000500c7,0x00000006,0x00001282,0x00001281,
0x00000054,0x000500c7,0x00000006,0x00001284,
0x000011f8,0x000019f0,0x000500c2,0x00000006,
0x00001285,0x00001284,0x0000005e,0x0003003e,
0x00001256,0x000003ad,0x00050041,0x00000083,
0x0000128e,0x00001256,0x00001282,0x0004003d,
0x00000025,0x0000128f,0x0000128e,0x0003003e,
0x00001258,0x000003bc,0x00050041,0x00000083,
0x00001291,0x00001258,0x00001285,0x0004003d,
0x00000025,0x00001292,0x00001291,0x00050084,
0x00000006,0x00001294,0x00001279,0x00000093,
0x000500c7,0x00000025,0x00001296,0x0000128f,
0x00000070,0x0004007c,0x00000006,0x00001297,
0x00001296,0x00050084,0x00000006,0x00001298,
0x00001297,0x0000007a,0x00050080,0x00000006,
0x00001299,0x00001294,0x00001298,0x000500c7,
0x00000025,0x0000129b,0x00001292,0x00000070,
0x0004007c,0x00000006,0x0000129c,0x0000129b,
0x00050080,0x00000006,0x0000129d,0x00001299,
0x0000129c,0x0004007c,0x00000025,0x0000129e,
0x0000129d,0x00050084,0x00000006,0x000012a0,
0x00001274,0x00000056,0x000500c3,0x00000025,
0x000012a2,0x0000128f,0x00000059,0x0004007c,
0x00000006,0x000012a3,0x000012a2,0x00050084,
0x00000006,0x000012a4,0x000012a3,0x0000007a,
0x00050080,0x00000006,0x000012a5,0x000012a0,
0x000012a4,0x000500c3,0x00000025,0x000012a7,
0x00001292,0x00000059,0x0004007c,0x00000006,
0x000012a8,0x000012a7,0x00050080,0x00000006,
0x000012a9,0x000012a5,0x000012a8,0x0004007c,
0x00000025,0x000012aa,0x000012a9,0x00050050,
0x00000026,0x000012ab,0x0000129e,0x000012aa,
0x000200f9,0x000012ac,0x000200f8,0x000012ac,
0x000900f5,0x00000026,0x00001953,0x00000381,
0x00001264,0x00000381,0x0000127e,0x000012ab,
0x0000127f,0x00050051,0x00000025,0x0000120b,
0x00001953,0x00000000,0x000500b1,0x00000023,
0x0000120c,0x0000120b,0x0000003c,0x000300f7,
0x0000120e,0x00000000,0x000400fa,0x0000120c,
0x0000120d,0x0000120e,0x000200f8,0x0000120d,
0x000200f9,0x00001241,0x000200f8,0x0000120e,
0x00060041,0x00000377,0x00001210,0x00000376,
0x0000005e,0x00000078,0x0004003d,0x00000006,
0x00001211,0x00001210,0x0004007c,0x00000025,
0x00001212,0x00001211,0x00050050,0x00000026,
0x00001213,0x00001212,0x00001212,0x00050084,
0x00000026,0x00001214,0x00001953,0x00001213,
0x00050080,0x00000026,0x00001216,0x00001214,
0x000004e0,0x0004003d,0x000003fc,0x00001217,
0x000003fe,0x00040064,0x000003fb,0x00001219,
0x00001217,0x0007005f,0x00000402,0x0000121a,
0x00001219,0x00001216,0x00000002,0x0000003c,
0x0006000c,0x00000006,0x0000121b,0x00000001,
0x00000037,0x0000121a,0x00060041,0x00000377,
0x0000121c,0x00000376,0x00000058,0x00000078,
0x0004003d,0x00000006,0x0000121d,0x0000121c,
0x000500c7,0x00000006,0x0000121e,0x0000121d,
0x0000036a,0x000500ab,0x00000023,0x0000121f,
0x0000121e,0x00000040,0x000300f7,0x0000123f,
0x00000000,0x000400fa,0x0000121f,0x00001220,
0x0000123f,0x000200f8,0x00001220,0x000300f7,
0x00001311,0x00000000,0x000300fb,0x00000040,
0x000012c0,0x000200f8,0x000012c0,0x000300f7,
0x000012ca,0x00000000,0x000400fa,0x00001263,
0x000012c9,0x000012ca,0x000200f8,0x000012c9,
0x000200f9,0x00001311,0x000200f8,0x000012ca,
0x00050082,0x00000006,0x000012cd,0x0000125d,
0x00001260,0x00060041,0x00000377,0x000012ce,
0x00000376,0x0000005e,0x00000043,0x0004003d,
0x00000006,0x000012cf,0x000012ce,0x000500ab,
0x00000023,0x000012d0,0x000012cf,0x00000040,
0x000600a9,0x00000006,0x000019fb,0x000012d0,
0x000012cf,0x00000043,0x00050086,0x00000006,
0x000012d9,0x000012cd,0x000019fb,0x00050084,
0x00000006,0x000012dd,0x000012d9,0x000019fb,
0x00050082,0x00000006,0x000012de,0x000012cd,
0x000012dd,0x00060041,0x00000377,0x000012e0,
0x00000376,0x0000005e,0x0000036a,0x0004003d,
0x00000006,0x000012e1,0x000012e0,0x000500ae,
0x00000023,0x000012e2,0x000012d9,0x000012e1,
0x000300f7,0x000012e4,0x00000000,0x000400fa,
0x000012e2,0x000012e3,0x000012e4,0x000200f8,
0x000012e3,0x000200f9,0x00001311,0x000200f8,
0x000012e4,0x000500c2,0x00000006,0x000012e6,
0x00001208,0x00000065,0x000500c7,0x00000006,
0x000012e7,0x000012e6,0x00000054,0x000500c7,
0x00000006,0x000012e9,0x000011f8,0x000019f0,
0x000500c2,0x00000006,0x000012ea,0x000012e9,
0x0000005e,0x000500c6,0x00000006,0x000012ee,
0x000012e7,0x000003b3,0x0003003e,0x000012bb,
0x000003ad,0x00050041,0x00000083,0x000012f3,
0x000012bb,0x000012ee,0x0004003d,0x00000025,
0x000012f4,0x000012f3,0x0003003e,0x000012bd,
0x000003bc,0x00050041,0x00000083,0x000012f6,
0x000012bd,0x000012ea,0x0004003d,0x00000025,
0x000012f7,0x000012f6,0x00050084,0x00000006,
0x000012f9,0x000012de,0x00000093,0x000500c7,
0x00000025,0x000012fb,0x000012f4,0x00000070,
0x0004007c,0x00000006,0x000012fc,0x000012fb,
0x00050084,0x00000006,0x000012fd,0x000012fc,
0x0000007a,0x00050080,0x00000006,0x000012fe,
0x000012f9,0x000012fd,0x000500c7,0x00000025,
0x00001300,0x000012f7,0x00000070,0x0004007c,
0x00000006,0x00001301,0x00001300,0x00050080,
0x00000006,0x00001302,0x000012fe,0x00001301,
0x0004007c,0x00000025,0x00001303,0x00001302,
0x00050084,0x00000006,0x00001305,0x000012d9,
0x00000056,0x000500c3,0x00000025,0x00001307,
0x000012f4,0x00000059,0x0004007c,0x00000006,
0x00001308,0x00001307,0x00050084,0x00000006,
0x00001309,0x00001308,0x0000007a,0x00050080,
0x00000006,0x0000130a,0x00001305,0x00001309,
0x000500c3,0x00000025,0x0000130c,0x000012f7,
0x00000059,0x0004007c,0x00000006,0x0000130d,
0x0000130c,0x00050080,0x00000006,0x0000130e,
0x0000130a,0x0000130d,0x0004007c,0x00000025,
0x0000130f,0x0000130e,0x00050050,0x00000026,
0x00001310,0x00001303,0x0000130f,0x000200f9,
0x00001311,0x000200f8,0x00001311,0x000900f5,
0x00000026,0x00001956,0x00000381,0x000012c9,
0x00000381,0x000012e3,0x00001310,0x000012e4,
0x00050084,0x00000026,0x00001228,0x00001956,
0x00001213,0x00050080,0x00000026,0x0000122a,
0x00001228,0x000004e0,0x0004003d,0x000003fc,
0x0000122b,0x0000041b,0x00040064,0x000003fb,
0x0000122d,0x0000122b,0x0007005f,0x00000402,
0x0000122e,0x0000122d,0x0000122a,0x00000002,
0x0000003c,0x00050051,0x000003fa,0x0000122f,
0x0000122e,0x00000000,0x0008000c,0x000003fa,
0x00001231,0x00000001,0x0000002b,0x0000122f,
0x00000423,0x00000424,0x00050085,0x000003fa,
0x00001232,0x00001231,0x00000426,0x00050081,
0x000003fa,0x00001233,0x00001232,0x00000428,
0x0004006d,0x00000006,0x00001234,0x00001233,
0x000500c7,0x00000006,0x00001235,0x00001234,
0x0000042b,0x000500b0,0x00000023,0x00001238,
0x000004e9,0x0000042f,0x000600a9,0x00000006,
0x000019fc,0x00001238,0x00000040,0x00001235,
0x000500c7,0x00000006,0x0000123c,0x0000121b,
0x00000434,0x000500c5,0x00000006,0x0000123e,
0x0000123c,0x000019fc,0x000200f9,0x0000123f,
0x000200f8,0x0000123f,0x000700f5,0x00000006,
0x0000195c,0x0000121b,0x0000120e,0x0000123e,
0x00001311,0x000200f9,0x00001241,0x000200f8,
0x00001241,0x000700f5,0x00000006,0x0000195d,
0x00000040,0x0000120d,0x0000195c,0x0000123f,
0x000500c2,0x00000006,0x0000057b,0x0000195d,
0x0000006b,0x00050080,0x00000006,0x0000057c,
0x00001922,0x0000057b,0x000500c7,0x00000006,
0x0000057d,0x0000057c,0x000003a9,0x000300f7,
0x0000135d,0x00000000,0x000300fb,0x00000040,
0x00001322,0x000200f8,0x00001322,0x00060041,
0x00000377,0x00001323,0x00000376,0x00000058,
0x00000078,0x0004003d,0x00000006,0x00001324,
0x00001323,0x000500c7,0x00000006,0x00001325,
0x00001324,0x00000043,0x000500ab,0x00000023,
0x00001326,0x00001325,0x00000040,0x000300f7,
0x0000133b,0x00000000,0x000400fa,0x00001326,
0x00001327,0x0000133b,0x000200f8,0x00001327,
0x000500c7,0x00000006,0x00001329,0x0000057c,
0x0000007e,0x000500c7,0x00000006,0x0000132b,
0x0000057c,0x000001bb,0x000500c2,0x00000006,
0x0000132c,0x0000132b,0x00000058,0x000500c5,
0x00000006,0x0000132d,0x00001329,0x0000132c,
0x000500c7,0x00000006,0x0000132f,0x0000057c,
0x0000007a,0x000500c2,0x00000006,0x00001330,
0x0000132f,0x0000005f,0x000500c7,0x00000006,
0x00001332,0x0000057c,0x00000484,0x000500c2,
0x00000006,0x00001333,0x00001332,0x00000059,
0x000500c5,0x00000006,0x00001334,0x00001330,
0x00001333,0x00060041,0x00000377,0x00001335,
0x00000376,0x00000058,0x00000040,0x0004003d,
0x00000006,0x00001336,0x00001335,0x000500c2,
0x00000006,0x0000136b,0x00001336,0x00000047,
0x000500c2,0x00000006,0x0000136d,0x00001334,
0x00000047,0x00050080,0x00000006,0x00001370,
0x0000136b,0x0000136d,0x000500c2,0x00000006,
0x00001372,0x0000132d,0x0000004f,0x00050080,
0x00000006,0x00001373,0x00001370,0x00001372,
0x000500c7,0x00000006,0x00001375,0x00001336,
0x00000054,0x000500c2,0x00000006,0x00001377,
0x00001334,0x0000005f,0x000500c7,0x00000006,
0x00001378,0x00001377,0x00000078,0x00050084,
0x00000006,0x00001379,0x00001378,0x0000007a,
0x000500c2,0x00000006,0x0000137b,0x0000132d,
0x0000005f,0x000500c7,0x00000006,0x0000137c,
0x0000137b,0x0000007e,0x00050080,0x00000006,
0x0000137d,0x00001379,0x0000137c,0x0003003e,
0x00001362,0x00000075,0x00050041,0x00000083,
0x0000137e,0x00001362,0x0000137d,0x0004003d,
0x00000025,0x0000137f,0x0000137e,0x0004007c,
0x00000006,0x00001380,0x0000137f,0x00050080,
0x00000006,0x00001381,0x00001375,0x00001380,
0x000500c4,0x00000006,0x00001383,0x00001373,
0x00000068,0x000500c2,0x00000006,0x00001385,
0x00001381,0x00000047,0x000500c4,0x00000006,
0x00001386,0x00001385,0x00000068,0x00050080,
0x00000006,0x00001387,0x00001383,0x00001386,
0x000500c7,0x00000006,0x00001389,0x00001381,
0x00000054,0x00050084,0x00000006,0x0000138a,
0x00001389,0x00000090,0x00050080,0x00000006,
0x0000138b,0x00001387,0x0000138a,0x000500c7,
0x00000006,0x0000138d,0x00001334,0x0000007e,
0x00050084,0x00000006,0x0000138e,0x0000138d,
0x0000007a,0x000500c7,0x00000006,0x00001390,
0x0000132d,0x0000007e,0x00050080,0x00000006,
0x00001391,0x0000138e,0x00001390,0x0003003e,
0x00001363,0x000000b5,0x00050041,0x00000083,
0x00001392,0x00001363,0x00001391,0x0004003d,
0x00000025,0x00001393,0x00001392,0x0004007c,
0x00000006,0x00001394,0x00001393,0x00050084,
0x00000006,0x00001395,0x00001394,0x000000c1,
0x00050080,0x00000006,0x00001396,0x0000138b,
0x00001395,0x000300f7,0x000013df,0x00000000,
0x000300fb,0x00000040,0x000013a4,0x000200f8,
0x000013a4,0x000500c7,0x00000006,0x000013a6,
0x00001396,0x000003e6,0x000300f7,0x0000144a,
0x00000000,0x000300fb,0x00000040,0x000013f9,
0x000200f8,0x000013f9,0x000500c2,0x00000006,
0x000013fb,0x000013a6,0x00000068,0x000500b0,
0x00000023,0x00001401,0x000013fb,0x00001260,
0x000300f7,0x00001403,0x00000000,0x000400fa,
0x00001401,0x00001402,0x00001403,0x000200f8,
0x00001402,0x000200f9,0x0000144a,0x000200f8,
0x00001403,0x00050082,0x00000006,0x00001406,
0x000013fb,0x00001260,0x00060041,0x00000377,
0x00001407,0x00000376,0x0000005e,0x00000043,
0x0004003d,0x00000006,0x00001408,0x00001407,
0x000500ab,0x00000023,0x00001409,0x00001408,
0x00000040,0x000600a9,0x00000006,0x000019fd,
0x00001409,0x00001408,0x00000043,0x00050086,
0x00000006,0x00001412,0x00001406,0x000019fd,
0x00050084,0x00000006,0x00001416,0x00001412,
0x000019fd,0x00050082,0x00000006,0x00001417,
0x00001406,0x00001416,0x00060041,0x00000377,
0x00001419,0x00000376,0x0000005e,0x0000036a,
0x0004003d,0x00000006,0x0000141a,0x00001419,
0x000500ae,0x00000023,0x0000141b,0x00001412,
0x0000141a,0x000300f7,0x0000141d,0x00000000,
0x000400fa,0x0000141b,0x0000141c,0x0000141d,
0x000200f8,0x0000141c,0x000200f9,0x0000144a,
0x000200f8,0x0000141d,0x000500c2,0x00000006,
0x0000141f,0x000013a6,0x00000065,0x000500c7,
0x00000006,0x00001420,0x0000141f,0x00000054,
0x000500c7,0x00000006,0x00001422,0x00001396,
0x000019f0,0x000500c2,0x00000006,0x00001423,
0x00001422,0x0000005e,0x0003003e,0x000013f4,
0x000003ad,0x00050041,0x00000083,0x0000142c,
0x000013f4,0x00001420,0x0004003d,0x00000025,
0x0000142d,0x0000142c,0x0003003e,0x000013f6,
0x000003bc,0x00050041,0x00000083,0x0000142f,
0x000013f6,0x00001423,0x0004003d,0x00000025,
0x00001430,0x0000142f,0x00050084,0x00000006,
0x00001432,0x00001417,0x00000093,0x000500c7,
0x00000025,0x00001434,0x0000142d,0x00000070,
0x0004007c,0x00000006,0x00001435,0x00001434,
0x00050084,0x00000006,0x00001436,0x00001435,
0x0000007a,0x00050080,0x00000006,0x00001437,
0x00001432,0x00001436,0x000500c7,0x00000025,
0x00001439,0x00001430,0x00000070,0x0004007c,
0x00000006,0x0000143a,0x00001439,0x00050080,
0x00000006,0x0000143b,0x00001437,0x0000143a,
0x0004007c,0x00000025,0x0000143c,0x0000143b,
0x00050084,0x00000006,0x0000143e,0x00001412,
0x00000056,0x000500c3,0x00000025,0x00001440,
0x0000142d,0x00000059,0x0004007c,0x00000006,
0x00001441,0x00001440,0x00050084,0x00000006,
0x00001442,0x00001441,0x0000007a,0x00050080,
0x00000006,0x00001443,0x0000143e,0x00001442,
0x000500c3,0x00000025,0x00001445,0x00001430,
0x00000059,0x0004007c,0x00000006,0x00001446,
0x00001445,0x00050080,0x00000006,0x00001447,
0x00001443,0x00001446,0x0004007c,0x00000025,
0x00001448,0x00001447,0x00050050,0x00000026,
0x00001449,0x0000143c,0x00001448,0x000200f9,
0x0000144a,0x000200f8,0x0000144a,0x000900f5,
0x00000026,0x00001963,0x00000381,0x00001402,
0x00000381,0x0000141c,0x00001449,0x0000141d,
0x00050051,0x00000025,0x000013a9,0x00001963,
0x00000000,0x000500b1,0x00000023,0x000013aa,
0x000013a9,0x0000003c,0x000300f7,0x000013ac,
0x00000000,0x000400fa,0x000013aa,0x000013ab,
0x000013ac,0x000200f8,0x000013ab,0x000200f9,
0x000013df,0x000200f8,0x000013ac,0x00060041,
0x00000377,0x000013ae,0x00000376,0x0000005e,
0x00000078,0x0004003d,0x00000006,0x000013af,
0x000013ae,0x0004007c,0x00000025,0x000013b0,
0x000013af,0x00050050,0x00000026,0x000013b1,
0x000013b0,0x000013b0,0x00050084,0x00000026,
0x000013b2,0x00001963,0x000013b1,0x00050080,
0x00000026,0x000013b4,0x000013b2,0x000004e0,
0x0004003d,0x000003fc,0x000013b5,0x000003fe,
0x00040064,0x000003fb,0x000013b7,0x000013b5,
0x0007005f,0x00000402,0x000013b8,0x000013b7,
0x000013b4,0x00000002,0x0000003c,0x0006000c,
0x00000006,0x000013b9,0x00000001,0x00000037,
0x000013b8,0x000500c7,0x00000006,0x000013bc,
0x00001324,0x0000036a,0x000500ab,0x00000023,
0x000013bd,0x000013bc,0x00000040,0x000300f7,
0x000013dd,0x00000000,0x000400fa,0x000013bd,
0x000013be,0x000013dd,0x000200f8,0x000013be,
0x000300f7,0x000014af,0x00000000,0x000300fb,
0x00000040,0x0000145e,0x000200f8,0x0000145e,
0x000300f7,0x00001468,0x00000000,0x000400fa,
0x00001401,0x00001467,0x00001468,0x000200f8,
0x00001467,0x000200f9,0x000014af,0x000200f8,
0x00001468,0x00050082,0x00000006,0x0000146b,
0x000013fb,0x00001260,0x00060041,0x00000377,
0x0000146c,0x00000376,0x0000005e,0x00000043,
0x0004003d,0x00000006,0x0000146d,0x0000146c,
0x000500ab,0x00000023,0x0000146e,0x0000146d,
0x00000040,0x000600a9,0x00000006,0x000019fe,
0x0000146e,0x0000146d,0x00000043,0x00050086,
0x00000006,0x00001477,0x0000146b,0x000019fe,
0x00050084,0x00000006,0x0000147b,0x00001477,
0x000019fe,0x00050082,0x00000006,0x0000147c,
0x0000146b,0x0000147b,0x00060041,0x00000377,
0x0000147e,0x00000376,0x0000005e,0x0000036a,
0x0004003d,0x00000006,0x0000147f,0x0000147e,
0x000500ae,0x00000023,0x00001480,0x00001477,
0x0000147f,0x000300f7,0x00001482,0x00000000,
0x000400fa,0x00001480,0x00001481,0x00001482,
0x000200f8,0x00001481,0x000200f9,0x000014af,
0x000200f8,0x00001482,0x000500c2,0x00000006,
0x00001484,0x000013a6,0x00000065,0x000500c7,
0x00000006,0x00001485,0x00001484,0x00000054,
0x000500c7,0x00000006,0x00001487,0x00001396,
0x000019f0,0x000500c2,0x00000006,0x00001488,
0x00001487,0x0000005e,0x000500c6,0x00000006,
0x0000148c,0x00001485,0x000003b3,0x0003003e,
0x00001459,0x000003ad,0x00050041,0x00000083,
0x00001491,0x00001459,0x0000148c,0x0004003d,
0x00000025,0x00001492,0x00001491,0x0003003e,
0x0000145b,0x000003bc,0x00050041,0x00000083,
0x00001494,0x0000145b,0x00001488,0x0004003d,
0x00000025,0x00001495,0x00001494,0x00050084,
0x00000006,0x00001497,0x0000147c,0x00000093,
0x000500c7,0x00000025,0x00001499,0x00001492,
0x00000070,0x0004007c,0x00000006,0x0000149a,
0x00001499,0x00050084,0x00000006,0x0000149b,
0x0000149a,0x0000007a,0x00050080,0x00000006,
0x0000149c,0x00001497,0x0000149b,0x000500c7,
0x00000025,0x0000149e,0x00001495,0x00000070,
0x0004007c,0x00000006,0x0000149f,0x0000149e,
0x00050080,0x00000006,0x000014a0,0x0000149c,
0x0000149f,0x0004007c,0x00000025,0x000014a1,
0x000014a0,0x00050084,0x00000006,0x000014a3,
0x00001477,0x00000056,0x000500c3,0x00000025,
0x000014a5,0x00001492,0x00000059,0x0004007c,
0x00000006,0x000014a6,0x000014a5,0x00050084,
0x00000006,0x000014a7,0x000014a6,0x0000007a,
0x00050080,0x00000006,0x000014a8,0x000014a3,
0x000014a7,0x000500c3,0x00000025,0x000014aa,
0x00001495,0x00000059,0x0004007c,0x00000006,
0x000014ab,0x000014aa,0x00050080,0x00000006,
0x000014ac,0x000014a8,0x000014ab,0x0004007c,
0x00000025,0x000014ad,0x000014ac,0x00050050,
0x00000026,0x000014ae,0x000014a1,0x000014ad,
0x000200f9,0x000014af,0x000200f8,0x000014af,
0x000900f5,0x00000026,0x00001966,0x00000381,
0x00001467,0x00000381,0x00001481,0x000014ae,
0x00001482,0x00050084,0x00000026,0x000013c6,
0x00001966,0x000013b1,0x00050080,0x00000026,
0x000013c8,0x000013c6,0x000004e0,0x0004003d,
0x000003fc,0x000013c9,0x0000041b,0x00040064,
0x000003fb,0x000013cb,0x000013c9,0x0007005f,
0x00000402,0x000013cc,0x000013cb,0x000013c8,
0x00000002,0x0000003c,0x00050051,0x000003fa,
0x000013cd,0x000013cc,0x00000000,0x0008000c,
0x000003fa,0x000013cf,0x00000001,0x0000002b,
0x000013cd,0x00000423,0x00000424,0x00050085,
0x000003fa,0x000013d0,0x000013cf,0x00000426,
0x00050081,0x000003fa,0x000013d1,0x000013d0,
0x00000428,0x0004006d,0x00000006,0x000013d2,
0x000013d1,0x000500c7,0x00000006,0x000013d3,
0x000013d2,0x0000042b,0x000500b0,0x00000023,
0x000013d6,0x000004e9,0x0000042f,0x000600a9,
0x00000006,0x000019ff,0x000013d6,0x00000040,
0x000013d3,0x000500c7,0x00000006,0x000013da,
0x000013b9,0x00000434,0x000500c5,0x00000006,
0x000013dc,0x000013da,0x000019ff,0x000200f9,
0x000013dd,0x000200f8,0x000013dd,0x000700f5,
0x00000006,0x0000196c,0x000013b9,0x000013ac,
0x000013dc,0x000014af,0x000200f9,0x000013df,
0x000200f8,0x000013df,0x000700f5,0x00000006,
0x0000196d,0x00000040,0x000013ab,0x0000196c,
0x000013dd,0x000200f9,0x0000135d,0x000200f8,
0x0000133b,0x000500c2,0x00000006,0x0000133d,
0x0000057d,0x0000005e,0x00060041,0x0000049c,
0x0000133e,0x00000499,0x0000003c,0x0000133d,
0x0004003d,0x00000373,0x0000133f,0x0000133e,
0x000500c7,0x00000006,0x00001341,0x0000057c,
0x00000078,0x000500aa,0x00000023,0x00001342,
0x00001341,0x00000040,0x000300f7,0x0000135b,
0x00000000,0x000400fa,0x00001342,0x00001343,
0x00001346,0x000200f8,0x00001346,0x000500aa,
0x00000023,0x00001349,0x00001341,0x00000043,
0x000300f7,0x00001359,0x00000000,0x000400fa,
0x00001349,0x0000134a,0x0000134d,0x000200f8,
0x0000134d,0x000500aa,0x00000023,0x00001350,
0x00001341,0x0000036a,0x000300f7,0x00001357,
0x00000000,0x000400fa,0x00001350,0x00001351,
0x00001354,0x000200f8,0x00001354,0x00050051,
0x00000006,0x00001356,0x0000133f,0x00000003,
0x000200f9,0x00001357,0x000200f8,0x00001351,
0x00050051,0x00000006,0x00001353,0x0000133f,
0x00000002,0x000200f9,0x00001357,0x000200f8,
0x00001357,0x000700f5,0x00000006,0x0000195e,
0x00001353,0x00001351,0x00001356,0x00001354,
0x000200f9,0x00001359,0x000200f8,0x0000134a,
0x00050051,0x00000006,0x0000134c,0x0000133f,
0x00000001,0x000200f9,0x00001359,0x000200f8,
0x00001359,0x000700f5,0x00000006,0x0000195f,
0x0000134c,0x0000134a,0x0000195e,0x00001357,
0x000200f9,0x0000135b,0x000200f8,0x00001343,
0x00050051,0x00000006,0x00001345,0x0000133f,
0x00000000,0x000200f9,0x0000135b,0x000200f8,
0x0000135b,0x000700f5,0x00000006,0x00001960,
0x00001345,0x00001343,0x0000195f,0x00001359,
0x000200f9,0x0000135d,0x000200f8,0x0000135d,
0x000700f5,0x00000006,0x0000196e,0x0000196d,
0x000013df,0x00001960,0x0000135b,0x000200f9,
0x0000056e,0x000200f8,0x0000056e,0x000700f5,
0x00000006,0x000019ed,0x0000196e,0x0000135d,
0x000019ee,0x00000588,0x000200f9,0x00000557,
0x000200f8,0x00000556,0x000500ab,0x00000023,
0x00000ed9,0x000004e6,0x00000040,0x000600a9,
0x00000006,0x00000edb,0x00000ed9,0x000004e6,
0x00000043,0x000500c2,0x00000006,0x00000edd,
0x000004e3,0x00000047,0x000500c2,0x00000006,
0x00000edf,0x000004d3,0x00000047,0x00050084,
0x00000006,0x00000ee1,0x00000edf,0x00000edb,
0x00050080,0x00000006,0x00000ee2,0x00000edd,
0x00000ee1,0x000500c2,0x00000006,0x00000ee4,
0x000004cd,0x0000004f,0x00050080,0x00000006,
0x00000ee5,0x00000ee2,0x00000ee4,0x000500c7,
0x00000006,0x00000ee7,0x000004e3,0x00000054,
0x000500c2,0x00000006,0x00000ee9,0x000004d3,
0x0000005f,0x000500c7,0x00000006,0x00000eea,
0x00000ee9,0x00000078,0x00050084,0x00000006,
0x00000eeb,0x00000eea,0x0000007a,0x000500c2,
0x00000006,0x00000eed,0x000004cd,0x0000005f,
0x000500c7,0x00000006,0x00000eee,0x00000eed,
0x0000007e,0x00050080,0x00000006,0x00000eef,
0x00000eeb,0x00000eee,0x0003003e,0x00000ed4,
0x00000075,0x00050041,0x00000083,0x00000ef0,
0x00000ed4,0x00000eef,0x0004003d,0x00000025,
0x00000ef1,0x00000ef0,0x0004007c,0x00000006,
0x00000ef2,0x00000ef1,0x00050080,0x00000006,
0x00000ef3,0x00000ee7,0x00000ef2,0x000500c4,
0x00000006,0x00000ef5,0x00000ee5,0x00000068,
0x000500c2,0x00000006,0x00000ef7,0x00000ef3,
0x00000047,0x000500c4,0x00000006,0x00000ef8,
0x00000ef7,0x00000068,0x00050080,0x00000006,
0x00000ef9,0x00000ef5,0x00000ef8,0x000500c7,
0x00000006,0x00000efb,0x00000ef3,0x00000054,
0x00050084,0x00000006,0x00000efc,0x00000efb,
0x00000090,0x00050080,0x00000006,0x00000efd,
0x00000ef9,0x00000efc,0x000500c7,0x00000006,
0x00000eff,0x000004d3,0x0000007e,0x00050084,
0x00000006,0x00000f00,0x00000eff,0x0000007a,
0x000500c7,0x00000006,0x00000f02,0x000004cd,
0x0000007e,0x00050080,0x00000006,0x00000f03,
0x00000f00,0x00000f02,0x0003003e,0x00000ed5,
0x000000b5,0x00050041,0x00000083,0x00000f04,
0x00000ed5,0x00000f03,0x0004003d,0x00000025,
0x00000f05,0x00000f04,0x0004007c,0x00000006,
0x00000f06,0x00000f05,0x00050084,0x00000006,
0x00000f07,0x00000f06,0x000000c1,0x00050080,
0x00000006,0x00000f08,0x00000efd,0x00000f07,
0x000300f7,0x00000f51,0x00000000,0x000300fb,
0x00000040,0x00000f16,0x000200f8,0x00000f16,
0x000500c7,0x00000006,0x00000f18,0x00000f08,
0x000003e6,0x000300f7,0x00000fbc,0x00000000,
0x000300fb,0x00000040,0x00000f6b,0x000200f8,
0x00000f6b,0x000500c2,0x00000006,0x00000f6d,
0x00000f18,0x00000068,0x00060041,0x00000377,
0x00000f6e,0x00000376,0x0000005e,0x00000040,
0x0004003d,0x00000006,0x00000f6f,0x00000f6e,
0x000500c2,0x00000006,0x00000f70,0x00000f6f,
0x00000047,0x000500b0,0x00000023,0x00000f73,
0x00000f6d,0x00000f70,0x000300f7,0x00000f75,
0x00000000,0x000400fa,0x00000f73,0x00000f74,
0x00000f75,0x000200f8,0x00000f74,0x000200f9,
0x00000fbc,0x000200f8,0x00000f75,0x00050082,
0x00000006,0x00000f78,0x00000f6d,0x00000f70,
0x00060041,0x00000377,0x00000f79,0x00000376,
0x0000005e,0x00000043,0x0004003d,0x00000006,
0x00000f7a,0x00000f79,0x000500ab,0x00000023,
0x00000f7b,0x00000f7a,0x00000040,0x000600a9,
0x00000006,0x00001a00,0x00000f7b,0x00000f7a,
0x00000043,0x00050086,0x00000006,0x00000f84,
0x00000f78,0x00001a00,0x00050084,0x00000006,
0x00000f88,0x00000f84,0x00001a00,0x00050082,
0x00000006,0x00000f89,0x00000f78,0x00000f88,
0x00060041,0x00000377,0x00000f8b,0x00000376,
0x0000005e,0x0000036a,0x0004003d,0x00000006,
0x00000f8c,0x00000f8b,0x000500ae,0x00000023,
0x00000f8d,0x00000f84,0x00000f8c,0x000300f7,
0x00000f8f,0x00000000,0x000400fa,0x00000f8d,
0x00000f8e,0x00000f8f,0x000200f8,0x00000f8e,
0x000200f9,0x00000fbc,0x000200f8,0x00000f8f,
0x000500c2,0x00000006,0x00000f91,0x00000f18,
0x00000065,0x000500c7,0x00000006,0x00000f92,
0x00000f91,0x00000054,0x000500c7,0x00000006,
0x00000f94,0x00000f08,0x000019f0,0x000500c2,
0x00000006,0x00000f95,0x00000f94,0x0000005e,
0x0003003e,0x00000f66,0x000003ad,0x00050041,
0x00000083,0x00000f9e,0x00000f66,0x00000f92,
0x0004003d,0x00000025,0x00000f9f,0x00000f9e,
0x0003003e,0x00000f68,0x000003bc,0x00050041,
0x00000083,0x00000fa1,0x00000f68,0x00000f95,
0x0004003d,0x00000025,0x00000fa2,0x00000fa1,
0x00050084,0x00000006,0x00000fa4,0x00000f89,
0x00000093,0x000500c7,0x00000025,0x00000fa6,
0x00000f9f,0x00000070,0x0004007c,0x00000006,
0x00000fa7,0x00000fa6,0x00050084,0x00000006,
0x00000fa8,0x00000fa7,0x0000007a,0x00050080,
0x00000006,0x00000fa9,0x00000fa4,0x00000fa8,
0x000500c7,0x00000025,0x00000fab,0x00000fa2,
0x00000070,0x0004007c,0x00000006,0x00000fac,
0x00000fab,0x00050080,0x00000006,0x00000fad,
0x00000fa9,0x00000fac,0x0004007c,0x00000025,
0x00000fae,0x00000fad,0x00050084,0x00000006,
0x00000fb0,0x00000f84,0x00000056,0x000500c3,
0x00000025,0x00000fb2,0x00000f9f,0x00000059,
0x0004007c,0x00000006,0x00000fb3,0x00000fb2,
0x00050084,0x00000006,0x00000fb4,0x00000fb3,
0x0000007a,0x00050080,0x00000006,0x00000fb5,
0x00000fb0,0x00000fb4,0x000500c3,0x00000025,
0x00000fb7,0x00000fa2,0x00000059,0x0004007c,
0x00000006,0x00000fb8,0x00000fb7,0x00050080,
0x00000006,0x00000fb9,0x00000fb5,0x00000fb8,
0x0004007c,0x00000025,0x00000fba,0x00000fb9,
0x00050050,0x00000026,0x00000fbb,0x00000fae,
0x00000fba,0x000200f9,0x00000fbc,0x000200f8,
0x00000fbc,0x000900f5,0x00000026,0x00001971,
0x00000381,0x00000f74,0x00000381,0x00000f8e,
0x00000fbb,0x00000f8f,0x00050051,0x00000025,
0x00000f1b,0x00001971,0x00000000,0x000500b1,
0x00000023,0x00000f1c,0x00000f1b,0x0000003c,
0x000300f7,0x00000f1e,0x00000000,0x000400fa,
0x00000f1c,0x00000f1d,0x00000f1e,0x000200f8,
0x00000f1d,0x000200f9,0x00000f51,0x000200f8,
0x00000f1e,0x00060041,0x00000377,0x00000f20,
0x00000376,0x0000005e,0x00000078,0x0004003d,
0x00000006,0x00000f21,0x00000f20,0x0004007c,
0x00000025,0x00000f22,0x00000f21,0x00050050,
0x00000026,0x00000f23,0x00000f22,0x00000f22,
0x00050084,0x00000026,0x00000f24,0x00001971,
0x00000f23,0x00050080,0x00000026,0x00000f26,
0x00000f24,0x000004e0,0x0004003d,0x000003fc,
0x00000f27,0x000003fe,0x00040064,0x000003fb,
0x00000f29,0x00000f27,0x0007005f,0x00000402,
0x00000f2a,0x00000f29,0x00000f26,0x00000002,
0x0000003c,0x0006000c,0x00000006,0x00000f2b,
0x00000001,0x00000037,0x00000f2a,0x00060041,
0x00000377,0x00000f2c,0x00000376,0x00000058,
0x00000078,0x0004003d,0x00000006,0x00000f2d,
0x00000f2c,0x000500c7,0x00000006,0x00000f2e,
0x00000f2d,0x0000036a,0x000500ab,0x00000023,
0x00000f2f,0x00000f2e,0x00000040,0x000300f7,
0x00000f4f,0x00000000,0x000400fa,0x00000f2f,
0x00000f30,0x00000f4f,0x000200f8,0x00000f30,
0x000300f7,0x00001021,0x00000000,0x000300fb,
0x00000040,0x00000fd0,0x000200f8,0x00000fd0,
0x000300f7,0x00000fda,0x00000000,0x000400fa,
0x00000f73,0x00000fd9,0x00000fda,0x000200f8,
0x00000fd9,0x000200f9,0x00001021,0x000200f8,
0x00000fda,0x00050082,0x00000006,0x00000fdd,
0x00000f6d,0x00000f70,0x00060041,0x00000377,
0x00000fde,0x00000376,0x0000005e,0x00000043,
0x0004003d,0x00000006,0x00000fdf,0x00000fde,
0x000500ab,0x00000023,0x00000fe0,0x00000fdf,
0x00000040,0x000600a9,0x00000006,0x00001a01,
0x00000fe0,0x00000fdf,0x00000043,0x00050086,
0x00000006,0x00000fe9,0x00000fdd,0x00001a01,
0x00050084,0x00000006,0x00000fed,0x00000fe9,
0x00001a01,0x00050082,0x00000006,0x00000fee,
0x00000fdd,0x00000fed,0x00060041,0x00000377,
0x00000ff0,0x00000376,0x0000005e,0x0000036a,
0x0004003d,0x00000006,0x00000ff1,0x00000ff0,
0x000500ae,0x00000023,0x00000ff2,0x00000fe9,
0x00000ff1,0x000300f7,0x00000ff4,0x00000000,
0x000400fa,0x00000ff2,0x00000ff3,0x00000ff4,
0x000200f8,0x00000ff3,0x000200f9,0x00001021,
0x000200f8,0x00000ff4,0x000500c2,0x00000006,
0x00000ff6,0x00000f18,0x00000065,0x000500c7,
0x00000006,0x00000ff7,0x00000ff6,0x00000054,
0x000500c7,0x00000006,0x00000ff9,0x00000f08,
0x000019f0,0x000500c2,0x00000006,0x00000ffa,
0x00000ff9,0x0000005e,0x000500c6,0x00000006,
0x00000ffe,0x00000ff7,0x000003b3,0x0003003e,
0x00000fcb,0x000003ad,0x00050041,0x00000083,
0x00001003,0x00000fcb,0x00000ffe,0x0004003d,
0x00000025,0x00001004,0x00001003,0x0003003e,
0x00000fcd,0x000003bc,0x00050041,0x00000083,
0x00001006,0x00000fcd,0x00000ffa,0x0004003d,
0x00000025,0x00001007,0x00001006,0x00050084,
0x00000006,0x00001009,0x00000fee,0x00000093,
0x000500c7,0x00000025,0x0000100b,0x00001004,
0x00000070,0x0004007c,0x00000006,0x0000100c,
0x0000100b,0x00050084,0x00000006,0x0000100d,
0x0000100c,0x0000007a,0x00050080,0x00000006,
0x0000100e,0x00001009,0x0000100d,0x000500c7,
0x00000025,0x00001010,0x00001007,0x00000070,
0x0004007c,0x00000006,0x00001011,0x00001010,
0x00050080,0x00000006,0x00001012,0x0000100e,
0x00001011,0x0004007c,0x00000025,0x00001013,
0x00001012,0x00050084,0x00000006,0x00001015,
0x00000fe9,0x00000056,0x000500c3,0x00000025,
0x00001017,0x00001004,0x00000059,0x0004007c,
0x00000006,0x00001018,0x00001017,0x00050084,
0x00000006,0x00001019,0x00001018,0x0000007a,
0x00050080,0x00000006,0x0000101a,0x00001015,
0x00001019,0x000500c3,0x00000025,0x0000101c,
0x00001007,0x00000059,0x0004007c,0x00000006,
0x0000101d,0x0000101c,0x00050080,0x00000006,
0x0000101e,0x0000101a,0x0000101d,0x0004007c,
0x00000025,0x0000101f,0x0000101e,0x00050050,
0x00000026,0x00001020,0x00001013,0x0000101f,
0x000200f9,0x00001021,0x000200f8,0x00001021,
0x000900f5,0x00000026,0x00001974,0x00000381,
0x00000fd9,0x00000381,0x00000ff3,0x00001020,
0x00000ff4,0x00050084,0x00000026,0x00000f38,
0x00001974,0x00000f23,0x00050080,0x00000026,
0x00000f3a,0x00000f38,0x000004e0,0x0004003d,
0x000003fc,0x00000f3b,0x0000041b,0x00040064,
0x000003fb,0x00000f3d,0x00000f3b,0x0007005f,
0x00000402,0x00000f3e,0x00000f3d,0x00000f3a,
0x00000002,0x0000003c,0x00050051,0x000003fa,
0x00000f3f,0x00000f3e,0x00000000,0x0008000c,
0x000003fa,0x00000f41,0x00000001,0x0000002b,
0x00000f3f,0x00000423,0x00000424,0x00050085,
0x000003fa,0x00000f42,0x00000f41,0x00000426,
0x00050081,0x000003fa,0x00000f43,0x00000f42,
0x00000428,0x0004006d,0x00000006,0x00000f44,
0x00000f43,0x000500c7,0x00000006,0x00000f45,
0x00000f44,0x0000042b,0x000500b0,0x00000023,
0x00000f48,0x000004e9,0x0000042f,0x000600a9,
0x00000006,0x00001a02,0x00000f48,0x00000040,
0x00000f45,0x000500c7,0x00000006,0x00000f4c,
0x00000f2b,0x00000434,0x000500c5,0x00000006,
0x00000f4e,0x00000f4c,0x00001a02,0x000200f9,
0x00000f4f,0x000200f8,0x00000f4f,0x000700f5,
0x00000006,0x0000197a,0x00000f2b,0x00000f1e,
0x00000f4e,0x00001021,0x000200f9,0x00000f51,
0x000200f8,0x00000f51,0x000700f5,0x00000006,
0x0000197b,0x00000040,0x00000f1d,0x0000197a,
0x00000f4f,0x000500c2,0x00000006,0x00000564,
0x0000197b,0x00000069,0x000500c7,0x00000006,
0x00000565,0x00000564,0x000001b9,0x00050080,
0x00000006,0x00000566,0x00001922,0x00000565,
0x000500c7,0x00000006,0x00000567,0x00000566,
0x000003a9,0x000300f7,0x0000106d,0x00000000,
0x000300fb,0x00000040,0x00001032,0x000200f8,
0x00001032,0x00060041,0x00000377,0x00001033,
0x00000376,0x00000058,0x00000078,0x0004003d,
0x00000006,0x00001034,0x00001033,0x000500c7,
0x00000006,0x00001035,0x00001034,0x00000043,
0x000500ab,0x00000023,0x00001036,0x00001035,
0x00000040,0x000300f7,0x0000104b,0x00000000,
0x000400fa,0x00001036,0x00001037,0x0000104b,
0x000200f8,0x00001037,0x000500c7,0x00000006,
0x00001039,0x00000566,0x0000007e,0x000500c7,
0x00000006,0x0000103b,0x00000566,0x000001bb,
0x000500c2,0x00000006,0x0000103c,0x0000103b,
0x00000058,0x000500c5,0x00000006,0x0000103d,
0x00001039,0x0000103c,0x000500c7,0x00000006,
0x0000103f,0x00000566,0x0000007a,0x000500c2,
0x00000006,0x00001040,0x0000103f,0x0000005f,
0x000500c7,0x00000006,0x00001042,0x00000566,
0x00000484,0x000500c2,0x00000006,0x00001043,
0x00001042,0x00000059,0x000500c5,0x00000006,
0x00001044,0x00001040,0x00001043,0x00060041,
0x00000377,0x00001045,0x00000376,0x00000058,
0x00000040,0x0004003d,0x00000006,0x00001046,
0x00001045,0x000500c2,0x00000006,0x0000107b,
0x00001046,0x00000047,0x000500c2,0x00000006,
0x0000107d,0x00001044,0x00000047,0x00050080,
0x00000006,0x00001080,0x0000107b,0x0000107d,
0x000500c2,0x00000006,0x00001082,0x0000103d,
0x0000004f,0x00050080,0x00000006,0x00001083,
0x00001080,0x00001082,0x000500c7,0x00000006,
0x00001085,0x00001046,0x00000054,0x000500c2,
0x00000006,0x00001087,0x00001044,0x0000005f,
0x000500c7,0x00000006,0x00001088,0x00001087,
0x00000078,0x00050084,0x00000006,0x00001089,
0x00001088,0x0000007a,0x000500c2,0x00000006,
0x0000108b,0x0000103d,0x0000005f,0x000500c7,
0x00000006,0x0000108c,0x0000108b,0x0000007e,
0x00050080,0x00000006,0x0000108d,0x00001089,
0x0000108c,0x0003003e,0x00001072,0x00000075,
0x00050041,0x00000083,0x0000108e,0x00001072,
0x0000108d,0x0004003d,0x00000025,0x0000108f,
0x0000108e,0x0004007c,0x00000006,0x00001090,
0x0000108f,0x00050080,0x00000006,0x00001091,
0x00001085,0x00001090,0x000500c4,0x00000006,
0x00001093,0x00001083,0x00000068,0x000500c2,
0x00000006,0x00001095,0x00001091,0x00000047,
0x000500c4,0x00000006,0x00001096,0x00001095,
0x00000068,0x00050080,0x00000006,0x00001097,
0x00001093,0x00001096,0x000500c7,0x00000006,
0x00001099,0x00001091,0x00000054,0x00050084,
0x00000006,0x0000109a,0x00001099,0x00000090,
0x00050080,0x00000006,0x0000109b,0x00001097,
0x0000109a,0x000500c7,0x00000006,0x0000109d,
0x00001044,0x0000007e,0x00050084,0x00000006,
0x0000109e,0x0000109d,0x0000007a,0x000500c7,
0x00000006,0x000010a0,0x0000103d,0x0000007e,
0x00050080,0x00000006,0x000010a1,0x0000109e,
0x000010a0,0x0003003e,0x00001073,0x000000b5,
0x00050041,0x00000083,0x000010a2,0x00001073,
0x000010a1,0x0004003d,0x00000025,0x000010a3,
0x000010a2,0x0004007c,0x00000006,0x000010a4,
0x000010a3,0x00050084,0x00000006,0x000010a5,
0x000010a4,0x000000c1,0x00050080,0x00000006,
0x000010a6,0x0000109b,0x000010a5,0x000300f7,
0x000010ef,0x00000000,0x000300fb,0x00000040,
0x000010b4,0x000200f8,0x000010b4,0x000500c7,
0x00000006,0x000010b6,0x000010a6,0x000003e6,
0x000300f7,0x0000115a,0x00000000,0x000300fb,
0x00000040,0x00001109,0x000200f8,0x00001109,
0x000500c2,0x00000006,0x0000110b,0x000010b6,
0x00000068,0x000500b0,0x00000023,0x00001111,
0x0000110b,0x00000f70,0x000300f7,0x00001113,
0x00000000,0x000400fa,0x00001111,0x00001112,
0x00001113,0x000200f8,0x00001112,0x000200f9,
0x0000115a,0x000200f8,0x00001113,0x00050082,
0x00000006,0x00001116,0x0000110b,0x00000f70,
0x00060041,0x00000377,0x00001117,0x00000376,
0x0000005e,0x00000043,0x0004003d,0x00000006,
0x00001118,0x00001117,0x000500ab,0x00000023,
0x00001119,0x00001118,0x00000040,0x000600a9,
0x00000006,0x00001a03,0x00001119,0x00001118,
0x00000043,0x00050086,0x00000006,0x00001122,
0x00001116,0x00001a03,0x00050084,0x00000006,
0x00001126,0x00001122,0x00001a03,0x00050082,
0x00000006,0x00001127,0x00001116,0x00001126,
0x00060041,0x00000377,0x00001129,0x00000376,
0x0000005e,0x0000036a,0x0004003d,0x00000006,
0x0000112a,0x00001129,0x000500ae,0x00000023,
0x0000112b,0x00001122,0x0000112a,0x000300f7,
0x0000112d,0x00000000,0x000400fa,0x0000112b,
0x0000112c,0x0000112d,0x000200f8,0x0000112c,
0x000200f9,0x0000115a,0x000200f8,0x0000112d,
0x000500c2,0x00000006,0x0000112f,0x000010b6,
0x00000065,0x000500c7,0x00000006,0x00001130,
0x0000112f,0x00000054,0x000500c7,0x00000006,
0x00001132,0x000010a6,0x000019f0,0x000500c2,
0x00000006,0x00001133,0x00001132,0x0000005e,
0x0003003e,0x00001104,0x000003ad,0x00050041,
0x00000083,0x0000113c,0x00001104,0x00001130,
0x0004003d,0x00000025,0x0000113d,0x0000113c,
0x0003003e,0x00001106,0x000003bc,0x00050041,
0x00000083,0x0000113f,0x00001106,0x00001133,
0x0004003d,0x00000025,0x00001140,0x0000113f,
0x00050084,0x00000006,0x00001142,0x00001127,
0x00000093,0x000500c7,0x00000025,0x00001144,
0x0000113d,0x00000070,0x0004007c,0x00000006,
0x00001145,0x00001144,0x00050084,0x00000006,
0x00001146,0x00001145,0x0000007a,0x00050080,
0x00000006,0x00001147,0x00001142,0x00001146,
0x000500c7,0x00000025,0x00001149,0x00001140,
0x00000070,0x0004007c,0x00000006,0x0000114a,
0x00001149,0x00050080,0x00000006,0x0000114b,
0x00001147,0x0000114a,0x0004007c,0x00000025,
0x0000114c,0x0000114b,0x00050084,0x00000006,
0x0000114e,0x00001122,0x00000056,0x000500c3,
0x00000025,0x00001150,0x0000113d,0x00000059,
0x0004007c,0x00000006,0x00001151,0x00001150,
0x00050084,0x00000006,0x00001152,0x00001151,
0x0000007a,0x00050080,0x00000006,0x00001153,
0x0000114e,0x00001152,0x000500c3,0x00000025,
0x00001155,0x00001140,0x00000059,0x0004007c,
0x00000006,0x00001156,0x00001155,0x00050080,
0x00000006,0x00001157,0x00001153,0x00001156,
0x0004007c,0x00000025,0x00001158,0x00001157,
0x00050050,0x00000026,0x00001159,0x0000114c,
0x00001158,0x000200f9,0x0000115a,0x000200f8,
0x0000115a,0x000900f5,0x00000026,0x00001981,
0x00000381,0x00001112,0x00000381,0x0000112c,
0x00001159,0x0000112d,0x00050051,0x00000025,
0x000010b9,0x00001981,0x00000000,0x000500b1,
0x00000023,0x000010ba,0x000010b9,0x0000003c,
0x000300f7,0x000010bc,0x00000000,0x000400fa,
0x000010ba,0x000010bb,0x000010bc,0x000200f8,
0x000010bb,0x000200f9,0x000010ef,0x000200f8,
0x000010bc,0x00060041,0x00000377,0x000010be,
0x00000376,0x0000005e,0x00000078,0x0004003d,
0x00000006,0x000010bf,0x000010be,0x0004007c,
0x00000025,0x000010c0,0x000010bf,0x00050050,
0x00000026,0x000010c1,0x000010c0,0x000010c0,
0x00050084,0x00000026,0x000010c2,0x00001981,
0x000010c1,0x00050080,0x00000026,0x000010c4,
0x000010c2,0x000004e0,0x0004003d,0x000003fc,
0x000010c5,0x000003fe,0x00040064,0x000003fb,
0x000010c7,0x000010c5,0x0007005f,0x00000402,
0x000010c8,0x000010c7,0x000010c4,0x00000002,
0x0000003c,0x0006000c,0x00000006,0x000010c9,
0x00000001,0x00000037,0x000010c8,0x000500c7,
0x00000006,0x000010cc,0x00001034,0x0000036a,
0x000500ab,0x00000023,0x000010cd,0x000010cc,
0x00000040,0x000300f7,0x000010ed,0x00000000,
0x000400fa,0x000010cd,0x000010ce,0x000010ed,
0x000200f8,0x000010ce,0x000300f7,0x000011bf,
0x00000000,0x000300fb,0x00000040,0x0000116e,
0x000200f8,0x0000116e,0x000300f7,0x00001178,
0x00000000,0x000400fa,0x00001111,0x00001177,
0x00001178,0x000200f8,0x00001177,0x000200f9,
0x000011bf,0x000200f8,0x00001178,0x00050082,
0x00000006,0x0000117b,0x0000110b,0x00000f70,
0x00060041,0x00000377,0x0000117c,0x00000376,
0x0000005e,0x00000043,0x0004003d,0x00000006,
0x0000117d,0x0000117c,0x000500ab,0x00000023,
0x0000117e,0x0000117d,0x00000040,0x000600a9,
0x00000006,0x00001a04,0x0000117e,0x0000117d,
0x00000043,0x00050086,0x00000006,0x00001187,
0x0000117b,0x00001a04,0x00050084,0x00000006,
0x0000118b,0x00001187,0x00001a04,0x00050082,
0x00000006,0x0000118c,0x0000117b,0x0000118b,
0x00060041,0x00000377,0x0000118e,0x00000376,
0x0000005e,0x0000036a,0x0004003d,0x00000006,
0x0000118f,0x0000118e,0x000500ae,0x00000023,
0x00001190,0x00001187,0x0000118f,0x000300f7,
0x00001192,0x00000000,0x000400fa,0x00001190,
0x00001191,0x00001192,0x000200f8,0x00001191,
0x000200f9,0x000011bf,0x000200f8,0x00001192,
0x000500c2,0x00000006,0x00001194,0x000010b6,
0x00000065,0x000500c7,0x00000006,0x00001195,
0x00001194,0x00000054,0x000500c7,0x00000006,
0x00001197,0x000010a6,0x000019f0,0x000500c2,
0x00000006,0x00001198,0x00001197,0x0000005e,
0x000500c6,0x00000006,0x0000119c,0x00001195,
0x000003b3,0x0003003e,0x00001169,0x000003ad,
0x00050041,0x00000083,0x000011a1,0x00001169,
0x0000119c,0x0004003d,0x00000025,0x000011a2,
0x000011a1,0x0003003e,0x0000116b,0x000003bc,
0x00050041,0x00000083,0x000011a4,0x0000116b,
0x00001198,0x0004003d,0x00000025,0x000011a5,
0x000011a4,0x00050084,0x00000006,0x000011a7,
0x0000118c,0x00000093,0x000500c7,0x00000025,
0x000011a9,0x000011a2,0x00000070,0x0004007c,
0x00000006,0x000011aa,0x000011a9,0x00050084,
0x00000006,0x000011ab,0x000011aa,0x0000007a,
0x00050080,0x00000006,0x000011ac,0x000011a7,
0x000011ab,0x000500c7,0x00000025,0x000011ae,
0x000011a5,0x00000070,0x0004007c,0x00000006,
0x000011af,0x000011ae,0x00050080,0x00000006,
0x000011b0,0x000011ac,0x000011af,0x0004007c,
0x00000025,0x000011b1,0x000011b0,0x00050084,
0x00000006,0x000011b3,0x00001187,0x00000056,
0x000500c3,0x00000025,0x000011b5,0x000011a2,
0x00000059,0x0004007c,0x00000006,0x000011b6,
0x000011b5,0x00050084,0x00000006,0x000011b7,
0x000011b6,0x0000007a,0x00050080,0x00000006,
0x000011b8,0x000011b3,0x000011b7,0x000500c3,
0x00000025,0x000011ba,0x000011a5,0x00000059,
0x0004007c,0x00000006,0x000011bb,0x000011ba,
0x00050080,0x00000006,0x000011bc,0x000011b8,
0x000011bb,0x0004007c,0x00000025,0x000011bd,
0x000011bc,0x00050050,0x00000026,0x000011be,
0x000011b1,0x000011bd,0x000200f9,0x000011bf,
0x000200f8,0x000011bf,0x000900f5,0x00000026,
0x00001984,0x00000381,0x00001177,0x00000381,
0x00001191,0x000011be,0x00001192,0x00050084,
0x00000026,0x000010d6,0x00001984,0x000010c1,
0x00050080,0x00000026,0x000010d8,0x000010d6,
0x000004e0,0x0004003d,0x000003fc,0x000010d9,
0x0000041b,0x00040064,0x000003fb,0x000010db,
0x000010d9,0x0007005f,0x00000402,0x000010dc,
0x000010db,0x000010d8,0x00000002,0x0000003c,
0x00050051,0x000003fa,0x000010dd,0x000010dc,
0x00000000,0x0008000c,0x000003fa,0x000010df,
0x00000001,0x0000002b,0x000010dd,0x00000423,
0x00000424,0x00050085,0x000003fa,0x000010e0,
0x000010df,0x00000426,0x00050081,0x000003fa,
0x000010e1,0x000010e0,0x00000428,0x0004006d,
0x00000006,0x000010e2,0x000010e1,0x000500c7,
0x00000006,0x000010e3,0x000010e2,0x0000042b,
0x000500b0,0x00000023,0x000010e6,0x000004e9,
0x0000042f,0x000600a9,0x00000006,0x00001a05,
0x000010e6,0x00000040,0x000010e3,0x000500c7,
0x00000006,0x000010ea,0x000010c9,0x00000434,
0x000500c5,0x00000006,0x000010ec,0x000010ea,
0x00001a05,0x000200f9,0x000010ed,0x000200f8,
0x000010ed,0x000700f5,0x00000006,0x0000198a,
0x000010c9,0x000010bc,0x000010ec,0x000011bf,
0x000200f9,0x000010ef,0x000200f8,0x000010ef,
0x000700f5,0x00000006,0x0000198b,0x00000040,
0x000010bb,0x0000198a,0x000010ed,0x000200f9,
0x0000106d,0x000200f8,0x0000104b,0x000500c2,
0x00000006,0x0000104d,0x00000567,0x0000005e,
0x00060041,0x0000049c,0x0000104e,0x00000499,
0x0000003c,0x0000104d,0x0004003d,0x00000373,
0x0000104f,0x0000104e,0x000500c7,0x00000006,
0x00001051,0x00000566,0x00000078,0x000500aa,
0x00000023,0x00001052,0x00001051,0x00000040,
0x000300f7,0x0000106b,0x00000000,0x000400fa,
0x00001052,0x00001053,0x00001056,0x000200f8,
0x00001056,0x000500aa,0x00000023,0x00001059,
0x00001051,0x00000043,0x000300f7,0x00001069,
0x00000000,0x000400fa,0x00001059,0x0000105a,
0x0000105d,0x000200f8,0x0000105d,0x000500aa,
0x00000023,0x00001060,0x00001051,0x0000036a,
0x000300f7,0x00001067,0x00000000,0x000400fa,
0x00001060,0x00001061,0x00001064,0x000200f8,
0x00001064,0x00050051,0x00000006,0x00001066,
0x0000104f,0x00000003,0x000200f9,0x00001067,
0x000200f8,0x00001061,0x00050051,0x00000006,
0x00001063,0x0000104f,0x00000002,0x000200f9,
0x00001067,0x000200f8,0x00001067,0x000700f5,
0x00000006,0x0000197c,0x00001063,0x00001061,
0x00001066,0x00001064,0x000200f9,0x00001069,
0x000200f8,0x0000105a,0x00050051,0x00000006,
0x0000105c,0x0000104f,0x00000001,0x000200f9,
0x00001069,0x000200f8,0x00001069,0x000700f5,
0x00000006,0x0000197d,0x0000105c,0x0000105a,
0x0000197c,0x00001067,0x000200f9,0x0000106b,
0x000200f8,0x00001053,0x00050051,0x00000006,
0x00001055,0x0000104f,0x00000000,0x000200f9,
0x0000106b,0x000200f8,0x0000106b,0x000700f5,
0x00000006,0x0000197e,0x00001055,0x00001053,
0x0000197d,0x00001069,0x000200f9,0x0000106d,
0x000200f8,0x0000106d,0x000700f5,0x00000006,
0x0000198c,0x0000198b,0x000010ef,0x0000197e,
0x0000106b,0x000200f9,0x00000557,0x000200f8,
0x00000557,0x000700f5,0x00000006,0x000019ec,
0x0000198c,0x0000106d,0x000019ed,0x0000056e,
0x000200f9,0x00000544,0x000200f8,0x00000543,
0x000500ab,0x00000023,0x00000be9,0x000004e6,
0x00000040,0x000600a9,0x00000006,0x00000beb,
0x00000be9,0x000004e6,0x00000043,0x000500c2,
0x00000006,0x00000bed,0x000004e3,0x00000047,
0x000500c2,0x00000006,0x00000bef,0x000004d3,
0x00000047,0x00050084,0x00000006,0x00000bf1,
0x00000bef,0x00000beb,0x00050080,0x00000006,
0x00000bf2,0x00000bed,0x00000bf1,0x000500c2,
0x00000006,0x00000bf4,0x000004cd,0x0000004f,
0x00050080,0x00000006,0x00000bf5,0x00000bf2,
0x00000bf4,0x000500c7,0x00000006,0x00000bf7,
0x000004e3,0x00000054,0x000500c2,0x00000006,
0x00000bf9,0x000004d3,0x0000005f,0x000500c7,
0x00000006,0x00000bfa,0x00000bf9,0x00000078,
0x00050084,0x00000006,0x00000bfb,0x00000bfa,
0x0000007a,0x000500c2,0x00000006,0x00000bfd,
0x000004cd,0x0000005f,0x000500c7,0x00000006,
0x00000bfe,0x00000bfd,0x0000007e,0x00050080,
0x00000006,0x00000bff,0x00000bfb,0x00000bfe,
0x0003003e,0x00000be4,0x00000075,0x00050041,
0x00000083,0x00000c00,0x00000be4,0x00000bff,
0x0004003d,0x00000025,0x00000c01,0x00000c00,
0x0004007c,0x00000006,0x00000c02,0x00000c01,
0x00050080,0x00000006,0x00000c03,0x00000bf7,
0x00000c02,0x000500c4,0x00000006,0x00000c05,
0x00000bf5,0x00000068,0x000500c2,0x00000006,
0x00000c07,0x00000c03,0x00000047,0x000500c4,
0x00000006,0x00000c08,0x00000c07,0x00000068,
0x00050080,0x00000006,0x00000c09,0x00000c05,
0x00000c08,0x000500c7,0x00000006,0x00000c0b,
0x00000c03,0x00000054,0x00050084,0x00000006,
0x00000c0c,0x00000c0b,0x00000090,0x00050080,
0x00000006,0x00000c0d,0x00000c09,0x00000c0c,
0x000500c7,0x00000006,0x00000c0f,0x000004d3,
0x0000007e,0x00050084,0x00000006,0x00000c10,
0x00000c0f,0x0000007a,0x000500c7,0x00000006,
0x00000c12,0x000004cd,0x0000007e,0x00050080,
0x00000006,0x00000c13,0x00000c10,0x00000c12,
0x0003003e,0x00000be5,0x000000b5,0x00050041,
0x00000083,0x00000c14,0x00000be5,0x00000c13,
0x0004003d,0x00000025,0x00000c15,0x00000c14,
0x0004007c,0x00000006,0x00000c16,0x00000c15,
0x00050084,0x00000006,0x00000c17,0x00000c16,
0x000000c1,0x00050080,0x00000006,0x00000c18,
0x00000c0d,0x00000c17,0x000300f7,0x00000c61,
0x00000000,0x000300fb,0x00000040,0x00000c26,
0x000200f8,0x00000c26,0x000500c7,0x00000006,
0x00000c28,0x00000c18,0x000003e6,0x000300f7,
0x00000ccc,0x00000000,0x000300fb,0x00000040,
0x00000c7b,0x000200f8,0x00000c7b,0x000500c2,
0x00000006,0x00000c7d,0x00000c28,0x00000068,
0x00060041,0x00000377,0x00000c7e,0x00000376,
0x0000005e,0x00000040,0x0004003d,0x00000006,
0x00000c7f,0x00000c7e,0x000500c2,0x00000006,
0x00000c80,0x00000c7f,0x00000047,0x000500b0,
0x00000023,0x00000c83,0x00000c7d,0x00000c80,
0x000300f7,0x00000c85,0x00000000,0x000400fa,
0x00000c83,0x00000c84,0x00000c85,0x000200f8,
0x00000c84,0x000200f9,0x00000ccc,0x000200f8,
0x00000c85,0x00050082,0x00000006,0x00000c88,
0x00000c7d,0x00000c80,0x00060041,0x00000377,
0x00000c89,0x00000376,0x0000005e,0x00000043,
0x0004003d,0x00000006,0x00000c8a,0x00000c89,
0x000500ab,0x00000023,0x00000c8b,0x00000c8a,
0x00000040,0x000600a9,0x00000006,0x00001a06,
0x00000c8b,0x00000c8a,0x00000043,0x00050086,
0x00000006,0x00000c94,0x00000c88,0x00001a06,
0x00050084,0x00000006,0x00000c98,0x00000c94,
0x00001a06,0x00050082,0x00000006,0x00000c99,
0x00000c88,0x00000c98,0x00060041,0x00000377,
0x00000c9b,0x00000376,0x0000005e,0x0000036a,
0x0004003d,0x00000006,0x00000c9c,0x00000c9b,
0x000500ae,0x00000023,0x00000c9d,0x00000c94,
0x00000c9c,0x000300f7,0x00000c9f,0x00000000,
0x000400fa,0x00000c9d,0x00000c9e,0x00000c9f,
0x000200f8,0x00000c9e,0x000200f9,0x00000ccc,
0x000200f8,0x00000c9f,0x000500c2,0x00000006,
0x00000ca1,0x00000c28,0x00000065,0x000500c7,
0x00000006,0x00000ca2,0x00000ca1,0x00000054,
0x000500c7,0x00000006,0x00000ca4,0x00000c18,
0x000019f0,0x000500c2,0x00000006,0x00000ca5,
0x00000ca4,0x0000005e,0x0003003e,0x00000c76,
0x000003ad,0x00050041,0x00000083,0x00000cae,
0x00000c76,0x00000ca2,0x0004003d,0x00000025,
0x00000caf,0x00000cae,0x0003003e,0x00000c78,
0x000003bc,0x00050041,0x00000083,0x00000cb1,
0x00000c78,0x00000ca5,0x0004003d,0x00000025,
0x00000cb2,0x00000cb1,0x00050084,0x00000006,
0x00000cb4,0x00000c99,0x00000093,0x000500c7,
0x00000025,0x00000cb6,0x00000caf,0x00000070,
0x0004007c,0x00000006,0x00000cb7,0x00000cb6,
0x00050084,0x00000006,0x00000cb8,0x00000cb7,
0x0000007a,0x00050080,0x00000006,0x00000cb9,
0x00000cb4,0x00000cb8,0x000500c7,0x00000025,
0x00000cbb,0x00000cb2,0x00000070,0x0004007c,
0x00000006,0x00000cbc,0x00000cbb,0x00050080,
0x00000006,0x00000cbd,0x00000cb9,0x00000cbc,
0x0004007c,0x00000025,0x00000cbe,0x00000cbd,
0x00050084,0x00000006,0x00000cc0,0x00000c94,
0x00000056,0x000500c3,0x00000025,0x00000cc2,
0x00000caf,0x00000059,0x0004007c,0x00000006,
0x00000cc3,0x00000cc2,0x00050084,0x00000006,
0x00000cc4,0x00000cc3,0x0000007a,0x00050080,
0x00000006,0x00000cc5,0x00000cc0,0x00000cc4,
0x000500c3,0x00000025,0x00000cc7,0x00000cb2,
0x00000059,0x0004007c,0x00000006,0x00000cc8,
0x00000cc7,0x00050080,0x00000006,0x00000cc9,
0x00000cc5,0x00000cc8,0x0004007c,0x00000025,
0x00000cca,0x00000cc9,0x00050050,0x00000026,
0x00000ccb,0x00000cbe,0x00000cca,0x000200f9,
0x00000ccc,0x000200f8,0x00000ccc,0x000900f5,
0x00000026,0x0000198f,0x00000381,0x00000c84,
0x00000381,0x00000c9e,0x00000ccb,0x00000c9f,
0x00050051,0x00000025,0x00000c2b,0x0000198f,
0x00000000,0x000500b1,0x00000023,0x00000c2c,
0x00000c2b,0x0000003c,0x000300f7,0x00000c2e,
0x00000000,0x000400fa,0x00000c2c,0x00000c2d,
0x00000c2e,0x000200f8,0x00000c2d,0x000200f9,
0x00000c61,0x000200f8,0x00000c2e,0x00060041,
0x00000377,0x00000c30,0x00000376,0x0000005e,
0x00000078,0x0004003d,0x00000006,0x00000c31,
0x00000c30,0x0004007c,0x00000025,0x00000c32,
0x00000c31,0x00050050,0x00000026,0x00000c33,
0x00000c32,0x00000c32,0x00050084,0x00000026,
0x00000c34,0x0000198f,0x00000c33,0x00050080,
0x00000026,0x00000c36,0x00000c34,0x000004e0,
0x0004003d,0x000003fc,0x00000c37,0x000003fe,
0x00040064,0x000003fb,0x00000c39,0x00000c37,
0x0007005f,0x00000402,0x00000c3a,0x00000c39,
0x00000c36,0x00000002,0x0000003c,0x0006000c,
0x00000006,0x00000c3b,0x00000001,0x00000037,
0x00000c3a,0x00060041,0x00000377,0x00000c3c,
0x00000376,0x00000058,0x00000078,0x0004003d,
0x00000006,0x00000c3d,0x00000c3c,0x000500c7,
0x00000006,0x00000c3e,0x00000c3d,0x0000036a,
0x000500ab,0x00000023,0x00000c3f,0x00000c3e,
0x00000040,0x000300f7,0x00000c5f,0x00000000,
0x000400fa,0x00000c3f,0x00000c40,0x00000c5f,
0x000200f8,0x00000c40,0x000300f7,0x00000d31,
0x00000000,0x000300fb,0x00000040,0x00000ce0,
0x000200f8,0x00000ce0,0x000300f7,0x00000cea,
0x00000000,0x000400fa,0x00000c83,0x00000ce9,
0x00000cea,0x000200f8,0x00000ce9,0x000200f9,
0x00000d31,0x000200f8,0x00000cea,0x00050082,
0x00000006,0x00000ced,0x00000c7d,0x00000c80,
0x00060041,0x00000377,0x00000cee,0x00000376,
0x0000005e,0x00000043,0x0004003d,0x00000006,
0x00000cef,0x00000cee,0x000500ab,0x00000023,
0x00000cf0,0x00000cef,0x00000040,0x000600a9,
0x00000006,0x00001a07,0x00000cf0,0x00000cef,
0x00000043,0x00050086,0x00000006,0x00000cf9,
0x00000ced,0x00001a07,0x00050084,0x00000006,
0x00000cfd,0x00000cf9,0x00001a07,0x00050082,
0x00000006,0x00000cfe,0x00000ced,0x00000cfd,
0x00060041,0x00000377,0x00000d00,0x00000376,
0x0000005e,0x0000036a,0x0004003d,0x00000006,
0x00000d01,0x00000d00,0x000500ae,0x00000023,
0x00000d02,0x00000cf9,0x00000d01,0x000300f7,
0x00000d04,0x00000000,0x000400fa,0x00000d02,
0x00000d03,0x00000d04,0x000200f8,0x00000d03,
0x000200f9,0x00000d31,0x000200f8,0x00000d04,
0x000500c2,0x00000006,0x00000d06,0x00000c28,
0x00000065,0x000500c7,0x00000006,0x00000d07,
0x00000d06,0x00000054,0x000500c7,0x00000006,
0x00000d09,0x00000c18,0x000019f0,0x000500c2,
0x00000006,0x00000d0a,0x00000d09,0x0000005e,
0x000500c6,0x00000006,0x00000d0e,0x00000d07,
0x000003b3,0x0003003e,0x00000cdb,0x000003ad,
0x00050041,0x00000083,0x00000d13,0x00000cdb,
0x00000d0e,0x0004003d,0x00000025,0x00000d14,
0x00000d13,0x0003003e,0x00000cdd,0x000003bc,
0x00050041,0x00000083,0x00000d16,0x00000cdd,
0x00000d0a,0x0004003d,0x00000025,0x00000d17,
0x00000d16,0x00050084,0x00000006,0x00000d19,
0x00000cfe,0x00000093,0x000500c7,0x00000025,
0x00000d1b,0x00000d14,0x00000070,0x0004007c,
0x00000006,0x00000d1c,0x00000d1b,0x00050084,
0x00000006,0x00000d1d,0x00000d1c,0x0000007a,
0x00050080,0x00000006,0x00000d1e,0x00000d19,
0x00000d1d,0x000500c7,0x00000025,0x00000d20,
0x00000d17,0x00000070,0x0004007c,0x00000006,
0x00000d21,0x00000d20,0x00050080,0x00000006,
0x00000d22,0x00000d1e,0x00000d21,0x0004007c,
0x00000025,0x00000d23,0x00000d22,0x00050084,
0x00000006,0x00000d25,0x00000cf9,0x00000056,
0x000500c3,0x00000025,0x00000d27,0x00000d14,
0x00000059,0x0004007c,0x00000006,0x00000d28,
0x00000d27,0x00050084,0x00000006,0x00000d29,
0x00000d28,0x0000007a,0x00050080,0x00000006,
0x00000d2a,0x00000d25,0x00000d29,0x000500c3,
0x00000025,0x00000d2c,0x00000d17,0x00000059,
0x0004007c,0x00000006,0x00000d2d,0x00000d2c,
0x00050080,0x00000006,0x00000d2e,0x00000d2a,
0x00000d2d,0x0004007c,0x00000025,0x00000d2f,
0x00000d2e,0x00050050,0x00000026,0x00000d30,
0x00000d23,0x00000d2f,0x000200f9,0x00000d31,
0x000200f8,0x00000d31,0x000900f5,0x00000026,
0x00001992,0x00000381,0x00000ce9,0x00000381,
0x00000d03,0x00000d30,0x00000d04,0x00050084,
0x00000026,0x00000c48,0x00001992,0x00000c33,
0x00050080,0x00000026,0x00000c4a,0x00000c48,
0x000004e0,0x0004003d,0x000003fc,0x00000c4b,
0x0000041b,0x00040064,0x000003fb,0x00000c4d,
0x00000c4b,0x0007005f,0x00000402,0x00000c4e,
0x00000c4d,0x00000c4a,0x00000002,0x0000003c,
0x00050051,0x000003fa,0x00000c4f,0x00000c4e,
0x00000000,0x0008000c,0x000003fa,0x00000c51,
0x00000001,0x0000002b,0x00000c4f,0x00000423,
0x00000424,0x00050085,0x000003fa,0x00000c52,
0x00000c51,0x00000426,0x00050081,0x000003fa,
0x00000c53,0x00000c52,0x00000428,0x0004006d,
0x00000006,0x00000c54,0x00000c53,0x000500c7,
0x00000006,0x00000c55,0x00000c54,0x0000042b,
0x000500b0,0x00000023,0x00000c58,0x000004e9,
0x0000042f,0x000600a9,0x00000006,0x00001a08,
0x00000c58,0x00000040,0x00000c55,0x000500c7,
0x00000006,0x00000c5c,0x00000c3b,0x00000434,
0x000500c5,0x00000006,0x00000c5e,0x00000c5c,
0x00001a08,0x000200f9,0x00000c5f,0x000200f8,
0x00000c5f,0x000700f5,0x00000006,0x00001998,
0x00000c3b,0x00000c2e,0x00000c5e,0x00000d31,
0x000200f9,0x00000c61,0x000200f8,0x00000c61,
0x000700f5,0x00000006,0x00001999,0x00000040,
0x00000c2d,0x00001998,0x00000c5f,0x000500c2,
0x00000006,0x00000550,0x00001999,0x00000069,
0x000300f7,0x00000d7d,0x00000000,0x000300fb,
0x00000040,0x00000d42,0x000200f8,0x00000d42,
0x00060041,0x00000377,0x00000d43,0x00000376,
0x00000058,0x00000078,0x0004003d,0x00000006,
0x00000d44,0x00000d43,0x000500c7,0x00000006,
0x00000d45,0x00000d44,0x00000043,0x000500ab,
0x00000023,0x00000d46,0x00000d45,0x00000040,
0x000300f7,0x00000d5b,0x00000000,0x000400fa,
0x00000d46,0x00000d47,0x00000d5b,0x000200f8,
0x00000d47,0x000500c7,0x00000006,0x00000d49,
0x00000550,0x0000007e,0x000500c7,0x00000006,
0x00000d4b,0x00000550,0x000001bb,0x000500c2,
0x00000006,0x00000d4c,0x00000d4b,0x00000058,
0x000500c5,0x00000006,0x00000d4d,0x00000d49,
0x00000d4c,0x000500c7,0x00000006,0x00000d4f,
0x00000550,0x0000007a,0x000500c2,0x00000006,
0x00000d50,0x00000d4f,0x0000005f,0x000500c7,
0x00000006,0x00000d52,0x00000550,0x00000484,
0x000500c2,0x00000006,0x00000d53,0x00000d52,
0x00000059,0x000500c5,0x00000006,0x00000d54,
0x00000d50,0x00000d53,0x00060041,0x00000377,
0x00000d55,0x00000376,0x00000058,0x00000040,
0x0004003d,0x00000006,0x00000d56,0x00000d55,
0x000500c2,0x00000006,0x00000d8b,0x00000d56,
0x00000047,0x000500c2,0x00000006,0x00000d8d,
0x00000d54,0x00000047,0x00050080,0x00000006,
0x00000d90,0x00000d8b,0x00000d8d,0x000500c2,
0x00000006,0x00000d92,0x00000d4d,0x0000004f,
0x00050080,0x00000006,0x00000d93,0x00000d90,
0x00000d92,0x000500c7,0x00000006,0x00000d95,
0x00000d56,0x00000054,0x000500c2,0x00000006,
0x00000d97,0x00000d54,0x0000005f,0x000500c7,
0x00000006,0x00000d98,0x00000d97,0x00000078,
0x00050084,0x00000006,0x00000d99,0x00000d98,
0x0000007a,0x000500c2,0x00000006,0x00000d9b,
0x00000d4d,0x0000005f,0x000500c7,0x00000006,
0x00000d9c,0x00000d9b,0x0000007e,0x00050080,
0x00000006,0x00000d9d,0x00000d99,0x00000d9c,
0x0003003e,0x00000d82,0x00000075,0x00050041,
0x00000083,0x00000d9e,0x00000d82,0x00000d9d,
0x0004003d,0x00000025,0x00000d9f,0x00000d9e,
0x0004007c,0x00000006,0x00000da0,0x00000d9f,
0x00050080,0x00000006,0x00000da1,0x00000d95,
0x00000da0,0x000500c4,0x00000006,0x00000da3,
0x00000d93,0x00000068,0x000500c2,0x00000006,
0x00000da5,0x00000da1,0x00000047,0x000500c4,
0x00000006,0x00000da6,0x00000da5,0x00000068,
0x00050080,0x00000006,0x00000da7,0x00000da3,
0x00000da6,0x000500c7,0x00000006,0x00000da9,
0x00000da1,0x00000054,0x00050084,0x00000006,
0x00000daa,0x00000da9,0x00000090,0x00050080,
0x00000006,0x00000dab,0x00000da7,0x00000daa,
0x000500c7,0x00000006,0x00000dad,0x00000d54,
0x0000007e,0x00050084,0x00000006,0x00000dae,
0x00000dad,0x0000007a,0x000500c7,0x00000006,
0x00000db0,0x00000d4d,0x0000007e,0x00050080,
0x00000006,0x00000db1,0x00000dae,0x00000db0,
0x0003003e,0x00000d83,0x000000b5,0x00050041,
0x00000083,0x00000db2,0x00000d83,0x00000db1,
0x0004003d,0x00000025,0x00000db3,0x00000db2,
0x0004007c,0x00000006,0x00000db4,0x00000db3,
0x00050084,0x00000006,0x00000db5,0x00000db4,
0x000000c1,0x00050080,0x00000006,0x00000db6,
0x00000dab,0x00000db5,0x000300f7,0x00000dff,
0x00000000,0x000300fb,0x00000040,0x00000dc4,
0x000200f8,0x00000dc4,0x000500c7,0x00000006,
0x00000dc6,0x00000db6,0x000003e6,0x000300f7,
0x00000e6a,0x00000000,0x000300fb,0x00000040,
0x00000e19,0x000200f8,0x00000e19,0x000500c2,
0x00000006,0x00000e1b,0x00000dc6,0x00000068,
0x000500b0,0x00000023,0x00000e21,0x00000e1b,
0x00000c80,0x000300f7,0x00000e23,0x00000000,
0x000400fa,0x00000e21,0x00000e22,0x00000e23,
0x000200f8,0x00000e22,0x000200f9,0x00000e6a,
0x000200f8,0x00000e23,0x00050082,0x00000006,
0x00000e26,0x00000e1b,0x00000c80,0x00060041,
0x00000377,0x00000e27,0x00000376,0x0000005e,
0x00000043,0x0004003d,0x00000006,0x00000e28,
0x00000e27,0x000500ab,0x00000023,0x00000e29,
0x00000e28,0x00000040,0x000600a9,0x00000006,
0x00001a09,0x00000e29,0x00000e28,0x00000043,
0x00050086,0x00000006,0x00000e32,0x00000e26,
0x00001a09,0x00050084,0x00000006,0x00000e36,
0x00000e32,0x00001a09,0x00050082,0x00000006,
0x00000e37,0x00000e26,0x00000e36,0x00060041,
0x00000377,0x00000e39,0x00000376,0x0000005e,
0x0000036a,0x0004003d,0x00000006,0x00000e3a,
0x00000e39,0x000500ae,0x00000023,0x00000e3b,
0x00000e32,0x00000e3a,0x000300f7,0x00000e3d,
0x00000000,0x000400fa,0x00000e3b,0x00000e3c,
0x00000e3d,0x000200f8,0x00000e3c,0x000200f9,
0x00000e6a,0x000200f8,0x00000e3d,0x000500c2,
0x00000006,0x00000e3f,0x00000dc6,0x00000065,
0x000500c7,0x00000006,0x00000e40,0x00000e3f,
0x00000054,0x000500c7,0x00000006,0x00000e42,
0x00000db6,0x000019f0,0x000500c2,0x00000006,
0x00000e43,0x00000e42,0x0000005e,0x0003003e,
0x00000e14,0x000003ad,0x00050041,0x00000083,
0x00000e4c,0x00000e14,0x00000e40,0x0004003d,
0x00000025,0x00000e4d,0x00000e4c,0x0003003e,
0x00000e16,0x000003bc,0x00050041,0x00000083,
0x00000e4f,0x00000e16,0x00000e43,0x0004003d,
0x00000025,0x00000e50,0x00000e4f,0x00050084,
0x00000006,0x00000e52,0x00000e37,0x00000093,
0x000500c7,0x00000025,0x00000e54,0x00000e4d,
0x00000070,0x0004007c,0x00000006,0x00000e55,
0x00000e54,0x00050084,0x00000006,0x00000e56,
0x00000e55,0x0000007a,0x00050080,0x00000006,
0x00000e57,0x00000e52,0x00000e56,0x000500c7,
0x00000025,0x00000e59,0x00000e50,0x00000070,
0x0004007c,0x00000006,0x00000e5a,0x00000e59,
0x00050080,0x00000006,0x00000e5b,0x00000e57,
0x00000e5a,0x0004007c,0x00000025,0x00000e5c,
0x00000e5b,0x00050084,0x00000006,0x00000e5e,
0x00000e32,0x00000056,0x000500c3,0x00000025,
0x00000e60,0x00000e4d,0x00000059,0x0004007c,
0x00000006,0x00000e61,0x00000e60,0x00050084,
0x00000006,0x00000e62,0x00000e61,0x0000007a,
0x00050080,0x00000006,0x00000e63,0x00000e5e,
0x00000e62,0x000500c3,0x00000025,0x00000e65,
0x00000e50,0x00000059,0x0004007c,0x00000006,
0x00000e66,0x00000e65,0x00050080,0x00000006,
0x00000e67,0x00000e63,0x00000e66,0x0004007c,
0x00000025,0x00000e68,0x00000e67,0x00050050,
0x00000026,0x00000e69,0x00000e5c,0x00000e68,
0x000200f9,0x00000e6a,0x000200f8,0x00000e6a,
0x000900f5,0x00000026,0x0000199f,0x00000381,
0x00000e22,0x00000381,0x00000e3c,0x00000e69,
0x00000e3d,0x00050051,0x00000025,0x00000dc9,
0x0000199f,0x00000000,0x000500b1,0x00000023,
0x00000dca,0x00000dc9,0x0000003c,0x000300f7,
0x00000dcc,0x00000000,0x000400fa,0x00000dca,
0x00000dcb,0x00000dcc,0x000200f8,0x00000dcb,
0x000200f9,0x00000dff,0x000200f8,0x00000dcc,
0x00060041,0x00000377,0x00000dce,0x00000376,
0x0000005e,0x00000078,0x0004003d,0x00000006,
0x00000dcf,0x00000dce,0x0004007c,0x00000025,
0x00000dd0,0x00000dcf,0x00050050,0x00000026,
0x00000dd1,0x00000dd0,0x00000dd0,0x00050084,
0x00000026,0x00000dd2,0x0000199f,0x00000dd1,
0x00050080,0x00000026,0x00000dd4,0x00000dd2,
0x000004e0,0x0004003d,0x000003fc,0x00000dd5,
0x000003fe,0x00040064,0x000003fb,0x00000dd7,
0x00000dd5,0x0007005f,0x00000402,0x00000dd8,
0x00000dd7,0x00000dd4,0x00000002,0x0000003c,
0x0006000c,0x00000006,0x00000dd9,0x00000001,
0x00000037,0x00000dd8,0x000500c7,0x00000006,
0x00000ddc,0x00000d44,0x0000036a,0x000500ab,
0x00000023,0x00000ddd,0x00000ddc,0x00000040,
0x000300f7,0x00000dfd,0x00000000,0x000400fa,
0x00000ddd,0x00000dde,0x00000dfd,0x000200f8,
0x00000dde,0x000300f7,0x00000ecf,0x00000000,
0x000300fb,0x00000040,0x00000e7e,0x000200f8,
0x00000e7e,0x000300f7,0x00000e88,0x00000000,
0x000400fa,0x00000e21,0x00000e87,0x00000e88,
0x000200f8,0x00000e87,0x000200f9,0x00000ecf,
0x000200f8,0x00000e88,0x00050082,0x00000006,
0x00000e8b,0x00000e1b,0x00000c80,0x00060041,
0x00000377,0x00000e8c,0x00000376,0x0000005e,
0x00000043,0x0004003d,0x00000006,0x00000e8d,
0x00000e8c,0x000500ab,0x00000023,0x00000e8e,
0x00000e8d,0x00000040,0x000600a9,0x00000006,
0x00001a0a,0x00000e8e,0x00000e8d,0x00000043,
0x00050086,0x00000006,0x00000e97,0x00000e8b,
0x00001a0a,0x00050084,0x00000006,0x00000e9b,
0x00000e97,0x00001a0a,0x00050082,0x00000006,
0x00000e9c,0x00000e8b,0x00000e9b,0x00060041,
0x00000377,0x00000e9e,0x00000376,0x0000005e,
0x0000036a,0x0004003d,0x00000006,0x00000e9f,
0x00000e9e,0x000500ae,0x00000023,0x00000ea0,
0x00000e97,0x00000e9f,0x000300f7,0x00000ea2,
0x00000000,0x000400fa,0x00000ea0,0x00000ea1,
0x00000ea2,0x000200f8,0x00000ea1,0x000200f9,
0x00000ecf,0x000200f8,0x00000ea2,0x000500c2,
0x00000006,0x00000ea4,0x00000dc6,0x00000065,
0x000500c7,0x00000006,0x00000ea5,0x00000ea4,
0x00000054,0x000500c7,0x00000006,0x00000ea7,
0x00000db6,0x000019f0,0x000500c2,0x00000006,
0x00000ea8,0x00000ea7,0x0000005e,0x000500c6,
0x00000006,0x00000eac,0x00000ea5,0x000003b3,
0x0003003e,0x00000e79,0x000003ad,0x00050041,
0x00000083,0x00000eb1,0x00000e79,0x00000eac,
0x0004003d,0x00000025,0x00000eb2,0x00000eb1,
0x0003003e,0x00000e7b,0x000003bc,0x00050041,
0x00000083,0x00000eb4,0x00000e7b,0x00000ea8,
0x0004003d,0x00000025,0x00000eb5,0x00000eb4,
0x00050084,0x00000006,0x00000eb7,0x00000e9c,
0x00000093,0x000500c7,0x00000025,0x00000eb9,
0x00000eb2,0x00000070,0x0004007c,0x00000006,
0x00000eba,0x00000eb9,0x00050084,0x00000006,
0x00000ebb,0x00000eba,0x0000007a,0x00050080,
0x00000006,0x00000ebc,0x00000eb7,0x00000ebb,
0x000500c7,0x00000025,0x00000ebe,0x00000eb5,
0x00000070,0x0004007c,0x00000006,0x00000ebf,
0x00000ebe,0x00050080,0x00000006,0x00000ec0,
0x00000ebc,0x00000ebf,0x0004007c,0x00000025,
0x00000ec1,0x00000ec0,0x00050084,0x00000006,
0x00000ec3,0x00000e97,0x00000056,0x000500c3,
0x00000025,0x00000ec5,0x00000eb2,0x00000059,
0x0004007c,0x00000006,0x00000ec6,0x00000ec5,
0x00050084,0x00000006,0x00000ec7,0x00000ec6,
0x0000007a,0x00050080,0x00000006,0x00000ec8,
0x00000ec3,0x00000ec7,0x000500c3,0x00000025,
0x00000eca,0x00000eb5,0x00000059,0x0004007c,
0x00000006,0x00000ecb,0x00000eca,0x00050080,
0x00000006,0x00000ecc,0x00000ec8,0x00000ecb,
0x0004007c,0x00000025,0x00000ecd,0x00000ecc,
0x00050050,0x00000026,0x00000ece,0x00000ec1,
0x00000ecd,0x000200f9,0x00000ecf,0x000200f8,
0x00000ecf,0x000900f5,0x00000026,0x000019a2,
0x00000381,0x00000e87,0x00000381,0x00000ea1,
0x00000ece,0x00000ea2,0x00050084,0x00000026,
0x00000de6,0x000019a2,0x00000dd1,0x00050080,
0x00000026,0x00000de8,0x00000de6,0x000004e0,
0x0004003d,0x000003fc,0x00000de9,0x0000041b,
0x00040064,0x000003fb,0x00000deb,0x00000de9,
0x0007005f,0x00000402,0x00000dec,0x00000deb,
0x00000de8,0x00000002,0x0000003c,0x00050051,
0x000003fa,0x00000ded,0x00000dec,0x00000000,
0x0008000c,0x000003fa,0x00000def,0x00000001,
0x0000002b,0x00000ded,0x00000423,0x00000424,
0x00050085,0x000003fa,0x00000df0,0x00000def,
0x00000426,0x00050081,0x000003fa,0x00000df1,
0x00000df0,0x00000428,0x0004006d,0x00000006,
0x00000df2,0x00000df1,0x000500c7,0x00000006,
0x00000df3,0x00000df2,0x0000042b,0x000500b0,
0x00000023,0x00000df6,0x000004e9,0x0000042f,
0x000600a9,0x00000006,0x00001a0b,0x00000df6,
0x00000040,0x00000df3,0x000500c7,0x00000006,
0x00000dfa,0x00000dd9,0x00000434,0x000500c5,
0x00000006,0x00000dfc,0x00000dfa,0x00001a0b,
0x000200f9,0x00000dfd,0x000200f8,0x00000dfd,
0x000700f5,0x00000006,0x000019a8,0x00000dd9,
0x00000dcc,0x00000dfc,0x00000ecf,0x000200f9,
0x00000dff,0x000200f8,0x00000dff,0x000700f5,
0x00000006,0x000019a9,0x00000040,0x00000dcb,
0x000019a8,0x00000dfd,0x000200f9,0x00000d7d,
0x000200f8,0x00000d5b,0x000500c2,0x00000006,
0x00000d5d,0x00000550,0x0000005e,0x00060041,
0x0000049c,0x00000d5e,0x00000499,0x0000003c,
0x00000d5d,0x0004003d,0x00000373,0x00000d5f,
0x00000d5e,0x000500c7,0x00000006,0x00000d61,
0x00000550,0x00000078,0x000500aa,0x00000023,
0x00000d62,0x00000d61,0x00000040,0x000300f7,
0x00000d7b,0x00000000,0x000400fa,0x00000d62,
0x00000d63,0x00000d66,0x000200f8,0x00000d66,
0x000500aa,0x00000023,0x00000d69,0x00000d61,
0x00000043,0x000300f7,0x00000d79,0x00000000,
0x000400fa,0x00000d69,0x00000d6a,0x00000d6d,
0x000200f8,0x00000d6d,0x000500aa,0x00000023,
0x00000d70,0x00000d61,0x0000036a,0x000300f7,
0x00000d77,0x00000000,0x000400fa,0x00000d70,
0x00000d71,0x00000d74,0x000200f8,0x00000d74,
0x00050051,0x00000006,0x00000d76,0x00000d5f,
0x00000003,0x000200f9,0x00000d77,0x000200f8,
0x00000d71,0x00050051,0x00000006,0x00000d73,
0x00000d5f,0x00000002,0x000200f9,0x00000d77,
0x000200f8,0x00000d77,0x000700f5,0x00000006,
0x0000199a,0x00000d73,0x00000d71,0x00000d76,
0x00000d74,0x000200f9,0x00000d79,0x000200f8,
0x00000d6a,0x00050051,0x00000006,0x00000d6c,
0x00000d5f,0x00000001,0x000200f9,0x00000d79,
0x000200f8,0x00000d79,0x000700f5,0x00000006,
0x0000199b,0x00000d6c,0x00000d6a,0x0000199a,
0x00000d77,0x000200f9,0x00000d7b,0x000200f8,
0x00000d63,0x00050051,0x00000006,0x00000d65,
0x00000d5f,0x00000000,0x000200f9,0x00000d7b,
0x000200f8,0x00000d7b,0x000700f5,0x00000006,
0x0000199c,0x00000d65,0x00000d63,0x0000199b,
0x00000d79,0x000200f9,0x00000d7d,0x000200f8,
0x00000d7d,0x000700f5,0x00000006,0x000019aa,
0x000019a9,0x00000dff,0x0000199c,0x00000d7b,
0x000200f9,0x00000544,0x000200f8,0x00000544,
0x000700f5,0x00000006,0x000019eb,0x000019aa,
0x00000d7d,0x000019ec,0x00000557,0x000200f9,
0x0000051d,0x000200f8,0x0000051c,0x000500c2,
0x00000006,0x000008f5,0x000004e6,0x00000058,
0x000500ab,0x00000023,0x000008f6,0x000008f5,
0x00000040,0x000600a9,0x00000006,0x00001a0c,
0x000008f6,0x000008f5,0x00000043,0x000500c2,
0x00000006,0x000008fe,0x000004e3,0x00000047,
0x000500c2,0x00000006,0x00000900,0x000004d3,
0x00000060,0x00050084,0x00000006,0x00000902,
0x00000900,0x00001a0c,0x00050080,0x00000006,
0x00000903,0x000008fe,0x00000902,0x000500c2,
0x00000006,0x00000905,0x000004cd,0x00000060,
0x00050080,0x00000006,0x00000906,0x00000903,
0x00000905,0x000500c7,0x00000006,0x00000908,
0x000004e3,0x00000054,0x000500c2,0x00000006,
0x0000090a,0x000004d3,0x00000059,0x000500c7,
0x00000006,0x0000090b,0x0000090a,0x0000007e,
0x00050084,0x00000006,0x0000090c,0x0000090b,
0x000000c1,0x000500c2,0x00000006,0x0000090e,
0x000004cd,0x00000047,0x000500c7,0x00000006,
0x0000090f,0x0000090e,0x00000078,0x00050080,
0x00000006,0x00000910,0x0000090c,0x0000090f,
0x0003003e,0x000008f0,0x000001e1,0x00050041,
0x00000083,0x00000911,0x000008f0,0x00000910,
0x0004003d,0x00000025,0x00000912,0x00000911,
0x0004007c,0x00000006,0x00000913,0x00000912,
0x00050080,0x00000006,0x00000914,0x00000908,
0x00000913,0x000500c4,0x00000006,0x00000916,
0x00000906,0x0000006f,0x000500c2,0x00000006,
0x00000918,0x00000914,0x00000047,0x000500c4,
0x00000006,0x00000919,0x00000918,0x0000006f,
0x00050080,0x00000006,0x0000091a,0x00000916,
0x00000919,0x000500c7,0x00000006,0x0000091c,
0x00000914,0x00000054,0x00050084,0x00000006,
0x0000091d,0x0000091c,0x000001f7,0x00050080,
0x00000006,0x0000091e,0x0000091a,0x0000091d,
0x000500c7,0x00000006,0x00000920,0x000004d3,
0x000001b9,0x00050084,0x00000006,0x00000921,
0x00000920,0x00000056,0x000500c7,0x00000006,
0x00000923,0x000004cd,0x00000054,0x00050080,
0x00000006,0x00000924,0x00000921,0x00000923,
0x0003003e,0x000008f1,0x000002fb,0x00050041,
0x00000083,0x00000925,0x000008f1,0x00000924,
0x0004003d,0x00000025,0x00000926,0x00000925,
0x0004007c,0x00000006,0x00000927,0x00000926,
0x00050080,0x00000006,0x00000928,0x0000091e,
0x00000927,0x000500c2,0x00000006,0x0000052a,
0x00000928,0x00000058,0x000300f7,0x00000971,
0x00000000,0x000300fb,0x00000040,0x00000936,
0x000200f8,0x00000936,0x000500c7,0x00000006,
0x00000938,0x0000052a,0x000003e6,0x000300f7,
0x000009dc,0x00000000,0x000300fb,0x00000040,
0x0000098b,0x000200f8,0x0000098b,0x000500c2,
0x00000006,0x0000098d,0x00000938,0x00000068,
0x00060041,0x00000377,0x0000098e,0x00000376,
0x0000005e,0x00000040,0x0004003d,0x00000006,
0x0000098f,0x0000098e,0x000500c2,0x00000006,
0x00000990,0x0000098f,0x00000047,0x000500b0,
0x00000023,0x00000993,0x0000098d,0x00000990,
0x000300f7,0x00000995,0x00000000,0x000400fa,
0x00000993,0x00000994,0x00000995,0x000200f8,
0x00000994,0x000200f9,0x000009dc,0x000200f8,
0x00000995,0x00050082,0x00000006,0x00000998,
0x0000098d,0x00000990,0x00060041,0x00000377,
0x00000999,0x00000376,0x0000005e,0x00000043,
0x0004003d,0x00000006,0x0000099a,0x00000999,
0x000500ab,0x00000023,0x0000099b,0x0000099a,
0x00000040,0x000600a9,0x00000006,0x00001a0d,
0x0000099b,0x0000099a,0x00000043,0x00050086,
0x00000006,0x000009a4,0x00000998,0x00001a0d,
0x00050084,0x00000006,0x000009a8,0x000009a4,
0x00001a0d,0x00050082,0x00000006,0x000009a9,
0x00000998,0x000009a8,0x00060041,0x00000377,
0x000009ab,0x00000376,0x0000005e,0x0000036a,
0x0004003d,0x00000006,0x000009ac,0x000009ab,
0x000500ae,0x00000023,0x000009ad,0x000009a4,
0x000009ac,0x000300f7,0x000009af,0x00000000,
0x000400fa,0x000009ad,0x000009ae,0x000009af,
0x000200f8,0x000009ae,0x000200f9,0x000009dc,
0x000200f8,0x000009af,0x000500c2,0x00000006,
0x000009b1,0x00000938,0x00000065,0x000500c7,
0x00000006,0x000009b2,0x000009b1,0x00000054,
0x000500c7,0x00000006,0x000009b4,0x0000052a,
0x000019f0,0x000500c2,0x00000006,0x000009b5,
0x000009b4,0x0000005e,0x0003003e,0x00000986,
0x000003ad,0x00050041,0x00000083,0x000009be,
0x00000986,0x000009b2,0x0004003d,0x00000025,
0x000009bf,0x000009be,0x0003003e,0x00000988,
0x000003bc,0x00050041,0x00000083,0x000009c1,
0x00000988,0x000009b5,0x0004003d,0x00000025,
0x000009c2,0x000009c1,0x00050084,0x00000006,
0x000009c4,0x000009a9,0x00000093,0x000500c7,
0x00000025,0x000009c6,0x000009bf,0x00000070,
0x0004007c,0x00000006,0x000009c7,0x000009c6,
0x00050084,0x00000006,0x000009c8,0x000009c7,
0x0000007a,0x00050080,0x00000006,0x000009c9,
0x000009c4,0x000009c8,0x000500c7,0x00000025,
0x000009cb,0x000009c2,0x00000070,0x0004007c,
0x00000006,0x000009cc,0x000009cb,0x00050080,
0x00000006,0x000009cd,0x000009c9,0x000009cc,
0x0004007c,0x00000025,0x000009ce,0x000009cd,
0x00050084,0x00000006,0x000009d0,0x000009a4,
0x00000056,0x000500c3,0x00000025,0x000009d2,
0x000009bf,0x00000059,0x0004007c,0x00000006,
0x000009d3,0x000009d2,0x00050084,0x00000006,
0x000009d4,0x000009d3,0x0000007a,0x00050080,
0x00000006,0x000009d5,0x000009d0,0x000009d4,
0x000500c3,0x00000025,0x000009d7,0x000009c2,
0x00000059,0x0004007c,0x00000006,0x000009d8,
0x000009d7,0x00050080,0x00000006,0x000009d9,
0x000009d5,0x000009d8,0x0004007c,0x00000025,
0x000009da,0x000009d9,0x00050050,0x00000026,
0x000009db,0x000009ce,0x000009da,0x000200f9,
0x000009dc,0x000200f8,0x000009dc,0x000900f5,
0x00000026,0x000019ae,0x00000381,0x00000994,
0x00000381,0x000009ae,0x000009db,0x000009af,
0x00050051,0x00000025,0x0000093b,0x000019ae,
0x00000000,0x000500b1,0x00000023,0x0000093c,
0x0000093b,0x0000003c,0x000300f7,0x0000093e,
0x00000000,0x000400fa,0x0000093c,0x0000093d,
0x0000093e,0x000200f8,0x0000093d,0x000200f9,
0x00000971,0x000200f8,0x0000093e,0x00060041,
0x00000377,0x00000940,0x00000376,0x0000005e,
0x00000078,0x0004003d,0x00000006,0x00000941,
0x00000940,0x0004007c,0x00000025,0x00000942,
0x00000941,0x00050050,0x00000026,0x00000943,
0x00000942,0x00000942,0x00050084,0x00000026,
0x00000944,0x000019ae,0x00000943,0x00050080,
0x00000026,0x00000946,0x00000944,0x000004e0,
0x0004003d,0x000003fc,0x00000947,0x000003fe,
0x00040064,0x000003fb,0x00000949,0x00000947,
0x0007005f,0x00000402,0x0000094a,0x00000949,
0x00000946,0x00000002,0x0000003c,0x0006000c,
0x00000006,0x0000094b,0x00000001,0x00000037,
0x0000094a,0x00060041,0x00000377,0x0000094c,
0x00000376,0x00000058,0x00000078,0x0004003d,
0x00000006,0x0000094d,0x0000094c,0x000500c7,
0x00000006,0x0000094e,0x0000094d,0x0000036a,
0x000500ab,0x00000023,0x0000094f,0x0000094e,
0x00000040,0x000300f7,0x0000096f,0x00000000,
0x000400fa,0x0000094f,0x00000950,0x0000096f,
0x000200f8,0x00000950,0x000300f7,0x00000a41,
0x00000000,0x000300fb,0x00000040,0x000009f0,
0x000200f8,0x000009f0,0x000300f7,0x000009fa,
0x00000000,0x000400fa,0x00000993,0x000009f9,
0x000009fa,0x000200f8,0x000009f9,0x000200f9,
0x00000a41,0x000200f8,0x000009fa,0x00050082,
0x00000006,0x000009fd,0x0000098d,0x00000990,
0x00060041,0x00000377,0x000009fe,0x00000376,
0x0000005e,0x00000043,0x0004003d,0x00000006,
0x000009ff,0x000009fe,0x000500ab,0x00000023,
0x00000a00,0x000009ff,0x00000040,0x000600a9,
0x00000006,0x00001a0e,0x00000a00,0x000009ff,
0x00000043,0x00050086,0x00000006,0x00000a09,
0x000009fd,0x00001a0e,0x00050084,0x00000006,
0x00000a0d,0x00000a09,0x00001a0e,0x00050082,
0x00000006,0x00000a0e,0x000009fd,0x00000a0d,
0x00060041,0x00000377,0x00000a10,0x00000376,
0x0000005e,0x0000036a,0x0004003d,0x00000006,
0x00000a11,0x00000a10,0x000500ae,0x00000023,
0x00000a12,0x00000a09,0x00000a11,0x000300f7,
0x00000a14,0x00000000,0x000400fa,0x00000a12,
0x00000a13,0x00000a14,0x000200f8,0x00000a13,
0x000200f9,0x00000a41,0x000200f8,0x00000a14,
0x000500c2,0x00000006,0x00000a16,0x00000938,
0x00000065,0x000500c7,0x00000006,0x00000a17,
0x00000a16,0x00000054,0x000500c7,0x00000006,
0x00000a19,0x0000052a,0x000019f0,0x000500c2,
0x00000006,0x00000a1a,0x00000a19,0x0000005e,
0x000500c6,0x00000006,0x00000a1e,0x00000a17,
0x000003b3,0x0003003e,0x000009eb,0x000003ad,
0x00050041,0x00000083,0x00000a23,0x000009eb,
0x00000a1e,0x0004003d,0x00000025,0x00000a24,
0x00000a23,0x0003003e,0x000009ed,0x000003bc,
0x00050041,0x00000083,0x00000a26,0x000009ed,
0x00000a1a,0x0004003d,0x00000025,0x00000a27,
0x00000a26,0x00050084,0x00000006,0x00000a29,
0x00000a0e,0x00000093,0x000500c7,0x00000025,
0x00000a2b,0x00000a24,0x00000070,0x0004007c,
0x00000006,0x00000a2c,0x00000a2b,0x00050084,
0x00000006,0x00000a2d,0x00000a2c,0x0000007a,
0x00050080,0x00000006,0x00000a2e,0x00000a29,
0x00000a2d,0x000500c7,0x00000025,0x00000a30,
0x00000a27,0x00000070,0x0004007c,0x00000006,
0x00000a31,0x00000a30,0x00050080,0x00000006,
0x00000a32,0x00000a2e,0x00000a31,0x0004007c,
0x00000025,0x00000a33,0x00000a32,0x00050084,
0x00000006,0x00000a35,0x00000a09,0x00000056,
0x000500c3,0x00000025,0x00000a37,0x00000a24,
0x00000059,0x0004007c,0x00000006,0x00000a38,
0x00000a37,0x00050084,0x00000006,0x00000a39,
0x00000a38,0x0000007a,0x00050080,0x00000006,
0x00000a3a,0x00000a35,0x00000a39,0x000500c3,
0x00000025,0x00000a3c,0x00000a27,0x00000059,
0x0004007c,0x00000006,0x00000a3d,0x00000a3c,
0x00050080,0x00000006,0x00000a3e,0x00000a3a,
0x00000a3d,0x0004007c,0x00000025,0x00000a3f,
0x00000a3e,0x00050050,0x00000026,0x00000a40,
0x00000a33,0x00000a3f,0x000200f9,0x00000a41,
0x000200f8,0x00000a41,0x000900f5,0x00000026,
0x000019b1,0x00000381,0x000009f9,0x00000381,
0x00000a13,0x00000a40,0x00000a14,0x00050084,
0x00000026,0x00000958,0x000019b1,0x00000943,
0x00050080,0x00000026,0x0000095a,0x00000958,
0x000004e0,0x0004003d,0x000003fc,0x0000095b,
0x0000041b,0x00040064,0x000003fb,0x0000095d,
0x0000095b,0x0007005f,0x00000402,0x0000095e,
0x0000095d,0x0000095a,0x00000002,0x0000003c,
0x00050051,0x000003fa,0x0000095f,0x0000095e,
0x00000000,0x0008000c,0x000003fa,0x00000961,
0x00000001,0x0000002b,0x0000095f,0x00000423,
0x00000424,0x00050085,0x000003fa,0x00000962,
0x00000961,0x00000426,0x00050081,0x000003fa,
0x00000963,0x00000962,0x00000428,0x0004006d,
0x00000006,0x00000964,0x00000963,0x000500c7,
0x00000006,0x00000965,0x00000964,0x0000042b,
0x000500b0,0x00000023,0x00000968,0x000004e9,
0x0000042f,0x000600a9,0x00000006,0x00001a0f,
0x00000968,0x00000040,0x00000965,0x000500c7,
0x00000006,0x0000096c,0x0000094b,0x00000434,
0x000500c5,0x00000006,0x0000096e,0x0000096c,
0x00001a0f,0x000200f9,0x0000096f,0x000200f8,
0x0000096f,0x000700f5,0x00000006,0x000019b7,
0x0000094b,0x0000093e,0x0000096e,0x00000a41,
0x000200f9,0x00000971,0x000200f8,0x00000971,
0x000700f5,0x00000006,0x000019b8,0x00000040,
0x0000093d,0x000019b7,0x0000096f,0x000500c7,
0x00000006,0x00000530,0x0000052a,0x00000078,
0x00050084,0x00000006,0x00000531,0x00000530,
0x0000007a,0x000500c2,0x00000006,0x00000532,
0x000019b8,0x00000531,0x000500c7,0x00000006,
0x00000533,0x00000532,0x000003a9,0x000500c7,
0x00000006,0x00000537,0x00000928,0x00000043,
0x00050084,0x00000006,0x00000538,0x00000537,
0x000000c1,0x000500c2,0x00000006,0x00000539,
0x00000533,0x00000538,0x000500c7,0x00000006,
0x0000053a,0x00000539,0x000001b9,0x00050080,
0x00000006,0x0000053b,0x00001922,0x0000053a,
0x000500c7,0x00000006,0x0000053c,0x0000053b,
0x000003a9,0x000300f7,0x00000a8d,0x00000000,
0x000300fb,0x00000040,0x00000a52,0x000200f8,
0x00000a52,0x00060041,0x00000377,0x00000a53,
0x00000376,0x00000058,0x00000078,0x0004003d,
0x00000006,0x00000a54,0x00000a53,0x000500c7,
0x00000006,0x00000a55,0x00000a54,0x00000043,
0x000500ab,0x00000023,0x00000a56,0x00000a55,
0x00000040,0x000300f7,0x00000a6b,0x00000000,
0x000400fa,0x00000a56,0x00000a57,0x00000a6b,
0x000200f8,0x00000a57,0x000500c7,0x00000006,
0x00000a59,0x0000053b,0x0000007e,0x000500c7,
0x00000006,0x00000a5b,0x0000053b,0x000001bb,
0x000500c2,0x00000006,0x00000a5c,0x00000a5b,
0x00000058,0x000500c5,0x00000006,0x00000a5d,
0x00000a59,0x00000a5c,0x000500c7,0x00000006,
0x00000a5f,0x0000053b,0x0000007a,0x000500c2,
0x00000006,0x00000a60,0x00000a5f,0x0000005f,
0x000500c7,0x00000006,0x00000a62,0x0000053b,
0x00000484,0x000500c2,0x00000006,0x00000a63,
0x00000a62,0x00000059,0x000500c5,0x00000006,
0x00000a64,0x00000a60,0x00000a63,0x00060041,
0x00000377,0x00000a65,0x00000376,0x00000058,
0x00000040,0x0004003d,0x00000006,0x00000a66,
0x00000a65,0x000500c2,0x00000006,0x00000a9b,
0x00000a66,0x00000047,0x000500c2,0x00000006,
0x00000a9d,0x00000a64,0x00000047,0x00050080,
0x00000006,0x00000aa0,0x00000a9b,0x00000a9d,
0x000500c2,0x00000006,0x00000aa2,0x00000a5d,
0x0000004f,0x00050080,0x00000006,0x00000aa3,
0x00000aa0,0x00000aa2,0x000500c7,0x00000006,
0x00000aa5,0x00000a66,0x00000054,0x000500c2,
0x00000006,0x00000aa7,0x00000a64,0x0000005f,
0x000500c7,0x00000006,0x00000aa8,0x00000aa7,
0x00000078,0x00050084,0x00000006,0x00000aa9,
0x00000aa8,0x0000007a,0x000500c2,0x00000006,
0x00000aab,0x00000a5d,0x0000005f,0x000500c7,
0x00000006,0x00000aac,0x00000aab,0x0000007e,
0x00050080,0x00000006,0x00000aad,0x00000aa9,
0x00000aac,0x0003003e,0x00000a92,0x00000075,
0x00050041,0x00000083,0x00000aae,0x00000a92,
0x00000aad,0x0004003d,0x00000025,0x00000aaf,
0x00000aae,0x0004007c,0x00000006,0x00000ab0,
0x00000aaf,0x00050080,0x00000006,0x00000ab1,
0x00000aa5,0x00000ab0,0x000500c4,0x00000006,
0x00000ab3,0x00000aa3,0x00000068,0x000500c2,
0x00000006,0x00000ab5,0x00000ab1,0x00000047,
0x000500c4,0x00000006,0x00000ab6,0x00000ab5,
0x00000068,0x00050080,0x00000006,0x00000ab7,
0x00000ab3,0x00000ab6,0x000500c7,0x00000006,
0x00000ab9,0x00000ab1,0x00000054,0x00050084,
0x00000006,0x00000aba,0x00000ab9,0x00000090,
0x00050080,0x00000006,0x00000abb,0x00000ab7,
0x00000aba,0x000500c7,0x00000006,0x00000abd,
0x00000a64,0x0000007e,0x00050084,0x00000006,
0x00000abe,0x00000abd,0x0000007a,0x000500c7,
0x00000006,0x00000ac0,0x00000a5d,0x0000007e,
0x00050080,0x00000006,0x00000ac1,0x00000abe,
0x00000ac0,0x0003003e,0x00000a93,0x000000b5,
0x00050041,0x00000083,0x00000ac2,0x00000a93,
0x00000ac1,0x0004003d,0x00000025,0x00000ac3,
0x00000ac2,0x0004007c,0x00000006,0x00000ac4,
0x00000ac3,0x00050084,0x00000006,0x00000ac5,
0x00000ac4,0x000000c1,0x00050080,0x00000006,
0x00000ac6,0x00000abb,0x00000ac5,0x000300f7,
0x00000b0f,0x00000000,0x000300fb,0x00000040,
0x00000ad4,0x000200f8,0x00000ad4,0x000500c7,
0x00000006,0x00000ad6,0x00000ac6,0x000003e6,
0x000300f7,0x00000b7a,0x00000000,0x000300fb,
0x00000040,0x00000b29,0x000200f8,0x00000b29,
0x000500c2,0x00000006,0x00000b2b,0x00000ad6,
0x00000068,0x000500b0,0x00000023,0x00000b31,
0x00000b2b,0x00000990,0x000300f7,0x00000b33,
0x00000000,0x000400fa,0x00000b31,0x00000b32,
0x00000b33,0x000200f8,0x00000b32,0x000200f9,
0x00000b7a,0x000200f8,0x00000b33,0x00050082,
0x00000006,0x00000b36,0x00000b2b,0x00000990,
0x00060041,0x00000377,0x00000b37,0x00000376,
0x0000005e,0x00000043,0x0004003d,0x00000006,
0x00000b38,0x00000b37,0x000500ab,0x00000023,
0x00000b39,0x00000b38,0x00000040,0x000600a9,
0x00000006,0x00001a10,0x00000b39,0x00000b38,
0x00000043,0x00050086,0x00000006,0x00000b42,
0x00000b36,0x00001a10,0x00050084,0x00000006,
0x00000b46,0x00000b42,0x00001a10,0x00050082,
0x00000006,0x00000b47,0x00000b36,0x00000b46,
0x00060041,0x00000377,0x00000b49,0x00000376,
0x0000005e,0x0000036a,0x0004003d,0x00000006,
0x00000b4a,0x00000b49,0x000500ae,0x00000023,
0x00000b4b,0x00000b42,0x00000b4a,0x000300f7,
0x00000b4d,0x00000000,0x000400fa,0x00000b4b,
0x00000b4c,0x00000b4d,0x000200f8,0x00000b4c,
0x000200f9,0x00000b7a,0x000200f8,0x00000b4d,
0x000500c2,0x00000006,0x00000b4f,0x00000ad6,
0x00000065,0x000500c7,0x00000006,0x00000b50,
0x00000b4f,0x00000054,0x000500c7,0x00000006,
0x00000b52,0x00000ac6,0x000019f0,0x000500c2,
0x00000006,0x00000b53,0x00000b52,0x0000005e,
0x0003003e,0x00000b24,0x000003ad,0x00050041,
0x00000083,0x00000b5c,0x00000b24,0x00000b50,
0x0004003d,0x00000025,0x00000b5d,0x00000b5c,
0x0003003e,0x00000b26,0x000003bc,0x00050041,
0x00000083,0x00000b5f,0x00000b26,0x00000b53,
0x0004003d,0x00000025,0x00000b60,0x00000b5f,
0x00050084,0x00000006,0x00000b62,0x00000b47,
0x00000093,0x000500c7,0x00000025,0x00000b64,
0x00000b5d,0x00000070,0x0004007c,0x00000006,
0x00000b65,0x00000b64,0x00050084,0x00000006,
0x00000b66,0x00000b65,0x0000007a,0x00050080,
0x00000006,0x00000b67,0x00000b62,0x00000b66,
0x000500c7,0x00000025,0x00000b69,0x00000b60,
0x00000070,0x0004007c,0x00000006,0x00000b6a,
0x00000b69,0x00050080,0x00000006,0x00000b6b,
0x00000b67,0x00000b6a,0x0004007c,0x00000025,
0x00000b6c,0x00000b6b,0x00050084,0x00000006,
0x00000b6e,0x00000b42,0x00000056,0x000500c3,
0x00000025,0x00000b70,0x00000b5d,0x00000059,
0x0004007c,0x00000006,0x00000b71,0x00000b70,
0x00050084,0x00000006,0x00000b72,0x00000b71,
0x0000007a,0x00050080,0x00000006,0x00000b73,
0x00000b6e,0x00000b72,0x000500c3,0x00000025,
0x00000b75,0x00000b60,0x00000059,0x0004007c,
0x00000006,0x00000b76,0x00000b75,0x00050080,
0x00000006,0x00000b77,0x00000b73,0x00000b76,
0x0004007c,0x00000025,0x00000b78,0x00000b77,
0x00050050,0x00000026,0x00000b79,0x00000b6c,
0x00000b78,0x000200f9,0x00000b7a,0x000200f8,
0x00000b7a,0x000900f5,0x00000026,0x000019be,
0x00000381,0x00000b32,0x00000381,0x00000b4c,
0x00000b79,0x00000b4d,0x00050051,0x00000025,
0x00000ad9,0x000019be,0x00000000,0x000500b1,
0x00000023,0x00000ada,0x00000ad9,0x0000003c,
0x000300f7,0x00000adc,0x00000000,0x000400fa,
0x00000ada,0x00000adb,0x00000adc,0x000200f8,
0x00000adb,0x000200f9,0x00000b0f,0x000200f8,
0x00000adc,0x00060041,0x00000377,0x00000ade,
0x00000376,0x0000005e,0x00000078,0x0004003d,
0x00000006,0x00000adf,0x00000ade,0x0004007c,
0x00000025,0x00000ae0,0x00000adf,0x00050050,
0x00000026,0x00000ae1,0x00000ae0,0x00000ae0,
0x00050084,0x00000026,0x00000ae2,0x000019be,
0x00000ae1,0x00050080,0x00000026,0x00000ae4,
0x00000ae2,0x000004e0,0x0004003d,0x000003fc,
0x00000ae5,0x000003fe,0x00040064,0x000003fb,
0x00000ae7,0x00000ae5,0x0007005f,0x00000402,
0x00000ae8,0x00000ae7,0x00000ae4,0x00000002,
0x0000003c,0x0006000c,0x00000006,0x00000ae9,
0x00000001,0x00000037,0x00000ae8,0x000500c7,
0x00000006,0x00000aec,0x00000a54,0x0000036a,
0x000500ab,0x00000023,0x00000aed,0x00000aec,
0x00000040,0x000300f7,0x00000b0d,0x00000000,
0x000400fa,0x00000aed,0x00000aee,0x00000b0d,
0x000200f8,0x00000aee,0x000300f7,0x00000bdf,
0x00000000,0x000300fb,0x00000040,0x00000b8e,
0x000200f8,0x00000b8e,0x000300f7,0x00000b98,
0x00000000,0x000400fa,0x00000b31,0x00000b97,
0x00000b98,0x000200f8,0x00000b97,0x000200f9,
0x00000bdf,0x000200f8,0x00000b98,0x00050082,
0x00000006,0x00000b9b,0x00000b2b,0x00000990,
0x00060041,0x00000377,0x00000b9c,0x00000376,
0x0000005e,0x00000043,0x0004003d,0x00000006,
0x00000b9d,0x00000b9c,0x000500ab,0x00000023,
0x00000b9e,0x00000b9d,0x00000040,0x000600a9,
0x00000006,0x00001a11,0x00000b9e,0x00000b9d,
0x00000043,0x00050086,0x00000006,0x00000ba7,
0x00000b9b,0x00001a11,0x00050084,0x00000006,
0x00000bab,0x00000ba7,0x00001a11,0x00050082,
0x00000006,0x00000bac,0x00000b9b,0x00000bab,
0x00060041,0x00000377,0x00000bae,0x00000376,
0x0000005e,0x0000036a,0x0004003d,0x00000006,
0x00000baf,0x00000bae,0x000500ae,0x00000023,
0x00000bb0,0x00000ba7,0x00000baf,0x000300f7,
0x00000bb2,0x00000000,0x000400fa,0x00000bb0,
0x00000bb1,0x00000bb2,0x000200f8,0x00000bb1,
0x000200f9,0x00000bdf,0x000200f8,0x00000bb2,
0x000500c2,0x00000006,0x00000bb4,0x00000ad6,
0x00000065,0x000500c7,0x00000006,0x00000bb5,
0x00000bb4,0x00000054,0x000500c7,0x00000006,
0x00000bb7,0x00000ac6,0x000019f0,0x000500c2,
0x00000006,0x00000bb8,0x00000bb7,0x0000005e,
0x000500c6,0x00000006,0x00000bbc,0x00000bb5,
0x000003b3,0x0003003e,0x00000b89,0x000003ad,
0x00050041,0x00000083,0x00000bc1,0x00000b89,
0x00000bbc,0x0004003d,0x00000025,0x00000bc2,
0x00000bc1,0x0003003e,0x00000b8b,0x000003bc,
0x00050041,0x00000083,0x00000bc4,0x00000b8b,
0x00000bb8,0x0004003d,0x00000025,0x00000bc5,
0x00000bc4,0x00050084,0x00000006,0x00000bc7,
0x00000bac,0x00000093,0x000500c7,0x00000025,
0x00000bc9,0x00000bc2,0x00000070,0x0004007c,
0x00000006,0x00000bca,0x00000bc9,0x00050084,
0x00000006,0x00000bcb,0x00000bca,0x0000007a,
0x00050080,0x00000006,0x00000bcc,0x00000bc7,
0x00000bcb,0x000500c7,0x00000025,0x00000bce,
0x00000bc5,0x00000070,0x0004007c,0x00000006,
0x00000bcf,0x00000bce,0x00050080,0x00000006,
0x00000bd0,0x00000bcc,0x00000bcf,0x0004007c,
0x00000025,0x00000bd1,0x00000bd0,0x00050084,
0x00000006,0x00000bd3,0x00000ba7,0x00000056,
0x000500c3,0x00000025,0x00000bd5,0x00000bc2,
0x00000059,0x0004007c,0x00000006,0x00000bd6,
0x00000bd5,0x00050084,0x00000006,0x00000bd7,
0x00000bd6,0x0000007a,0x00050080,0x00000006,
0x00000bd8,0x00000bd3,0x00000bd7,0x000500c3,
0x00000025,0x00000bda,0x00000bc5,0x00000059,
0x0004007c,0x00000006,0x00000bdb,0x00000bda,
0x00050080,0x00000006,0x00000bdc,0x00000bd8,
0x00000bdb,0x0004007c,0x00000025,0x00000bdd,
0x00000bdc,0x00050050,0x00000026,0x00000bde,
0x00000bd1,0x00000bdd,0x000200f9,0x00000bdf,
0x000200f8,0x00000bdf,0x000900f5,0x00000026,
0x000019c1,0x00000381,0x00000b97,0x00000381,
0x00000bb1,0x00000bde,0x00000bb2,0x00050084,
0x00000026,0x00000af6,0x000019c1,0x00000ae1,
0x00050080,0x00000026,0x00000af8,0x00000af6,
0x000004e0,0x0004003d,0x000003fc,0x00000af9,
0x0000041b,0x00040064,0x000003fb,0x00000afb,
0x00000af9,0x0007005f,0x00000402,0x00000afc,
0x00000afb,0x00000af8,0x00000002,0x0000003c,
0x00050051,0x000003fa,0x00000afd,0x00000afc,
0x00000000,0x0008000c,0x000003fa,0x00000aff,
0x00000001,0x0000002b,0x00000afd,0x00000423,
0x00000424,0x00050085,0x000003fa,0x00000b00,
0x00000aff,0x00000426,0x00050081,0x000003fa,
0x00000b01,0x00000b00,0x00000428,0x0004006d,
0x00000006,0x00000b02,0x00000b01,0x000500c7,
0x00000006,0x00000b03,0x00000b02,0x0000042b,
0x000500b0,0x00000023,0x00000b06,0x000004e9,
0x0000042f,0x000600a9,0x00000006,0x00001a12,
0x00000b06,0x00000040,0x00000b03,0x000500c7,
0x00000006,0x00000b0a,0x00000ae9,0x00000434,
0x000500c5,0x00000006,0x00000b0c,0x00000b0a,
0x00001a12,0x000200f9,0x00000b0d,0x000200f8,
0x00000b0d,0x000700f5,0x00000006,0x000019c7,
0x00000ae9,0x00000adc,0x00000b0c,0x00000bdf,
0x000200f9,0x00000b0f,0x000200f8,0x00000b0f,
0x000700f5,0x00000006,0x000019c8,0x00000040,
0x00000adb,0x000019c7,0x00000b0d,0x000200f9,
0x00000a8d,0x000200f8,0x00000a6b,0x000500c2,
0x00000006,0x00000a6d,0x0000053c,0x0000005e,
0x00060041,0x0000049c,0x00000a6e,0x00000499,
0x0000003c,0x00000a6d,0x0004003d,0x00000373,
0x00000a6f,0x00000a6e,0x000500c7,0x00000006,
0x00000a71,0x0000053b,0x00000078,0x000500aa,
0x00000023,0x00000a72,0x00000a71,0x00000040,
0x000300f7,0x00000a8b,0x00000000,0x000400fa,
0x00000a72,0x00000a73,0x00000a76,0x000200f8,
0x00000a76,0x000500aa,0x00000023,0x00000a79,
0x00000a71,0x00000043,0x000300f7,0x00000a89,
0x00000000,0x000400fa,0x00000a79,0x00000a7a,
0x00000a7d,0x000200f8,0x00000a7d,0x000500aa,
0x00000023,0x00000a80,0x00000a71,0x0000036a,
0x000300f7,0x00000a87,0x00000000,0x000400fa,
0x00000a80,0x00000a81,0x00000a84,0x000200f8,
0x00000a84,0x00050051,0x00000006,0x00000a86,
0x00000a6f,0x00000003,0x000200f9,0x00000a87,
0x000200f8,0x00000a81,0x00050051,0x00000006,
0x00000a83,0x00000a6f,0x00000002,0x000200f9,
0x00000a87,0x000200f8,0x00000a87,0x000700f5,
0x00000006,0x000019b9,0x00000a83,0x00000a81,
0x00000a86,0x00000a84,0x000200f9,0x00000a89,
0x000200f8,0x00000a7a,0x00050051,0x00000006,
0x00000a7c,0x00000a6f,0x00000001,0x000200f9,
0x00000a89,0x000200f8,0x00000a89,0x000700f5,
0x00000006,0x000019ba,0x00000a7c,0x00000a7a,
0x000019b9,0x00000a87,0x000200f9,0x00000a8b,
0x000200f8,0x00000a73,0x00050051,0x00000006,
0x00000a75,0x00000a6f,0x00000000,0x000200f9,
0x00000a8b,0x000200f8,0x00000a8b,0x000700f5,
0x00000006,0x000019bb,0x00000a75,0x00000a73,
0x000019ba,0x00000a89,0x000200f9,0x00000a8d,
0x000200f8,0x00000a8d,0x000700f5,0x00000006,
0x000019c9,0x000019c8,0x00000b0f,0x000019bb,
0x00000a8b,0x000200f9,0x0000051d,0x000200f8,
0x0000051d,0x000700f5,0x00000006,0x000019ea,
0x000019c9,0x00000a8d,0x000019eb,0x00000544,
0x000200f9,0x00000503,0x000200f8,0x00000502,
0x000500c2,0x00000006,0x00000600,0x000004e6,
0x00000058,0x000500ab,0x00000023,0x00000601,
0x00000600,0x00000040,0x000600a9,0x00000006,
0x00001a13,0x00000601,0x00000600,0x00000043,
0x000500c2,0x00000006,0x00000609,0x000004e3,
0x00000047,0x000500c2,0x00000006,0x0000060b,
0x000004d3,0x0000004f,0x00050084,0x00000006,
0x0000060d,0x0000060b,0x00001a13,0x00050080,
0x00000006,0x0000060e,0x00000609,0x0000060d,
0x000500c2,0x00000006,0x00000610,0x000004cd,
0x00000060,0x00050080,0x00000006,0x00000611,
0x0000060e,0x00000610,0x000500c7,0x00000006,
0x00000613,0x000004e3,0x00000054,0x000500c2,
0x00000006,0x00000615,0x000004d3,0x00000059,
0x000500c7,0x00000006,0x00000616,0x00000615,
0x00000078,0x00050084,0x00000006,0x00000617,
0x00000616,0x0000007a,0x000500c2,0x00000006,
0x00000619,0x000004cd,0x00000059,0x000500c7,
0x00000006,0x0000061a,0x00000619,0x0000007e,
0x00050080,0x00000006,0x0000061b,0x00000617,
0x0000061a,0x0003003e,0x000005fb,0x00000075,
0x00050041,0x00000083,0x0000061c,0x000005fb,
0x0000061b,0x0004003d,0x00000025,0x0000061d,
0x0000061c,0x0004007c,0x00000006,0x0000061e,
0x0000061d,0x00050080,0x00000006,0x0000061f,
0x00000613,0x0000061e,0x000500c4,0x00000006,
0x00000621,0x00000611,0x00000068,0x000500c2,
0x00000006,0x00000623,0x0000061f,0x00000047,
0x000500c4,0x00000006,0x00000624,0x00000623,
0x00000068,0x00050080,0x00000006,0x00000625,
0x00000621,0x00000624,0x000500c7,0x00000006,
0x00000627,0x0000061f,0x00000054,0x00050084,
0x00000006,0x00000628,0x00000627,0x00000090,
0x00050080,0x00000006,0x00000629,0x00000625,
0x00000628,0x000500c7,0x00000006,0x0000062b,
0x000004d3,0x000001b9,0x00050084,0x00000006,
0x0000062c,0x0000062b,0x000001bb,0x000500c7,
0x00000006,0x0000062e,0x000004cd,0x000001b9,
0x00050080,0x00000006,0x0000062f,0x0000062c,
0x0000062e,0x0003003e,0x000005fc,0x000001b7,
0x00050041,0x00000083,0x00000630,0x000005fc,
0x0000062f,0x0004003d,0x00000025,0x00000631,
0x00000630,0x0004007c,0x00000006,0x00000632,
0x00000631,0x00050080,0x00000006,0x00000633,
0x00000629,0x00000632,0x000300f7,0x0000067c,
0x00000000,0x000300fb,0x00000040,0x00000641,
0x000200f8,0x00000641,0x000500c7,0x00000006,
0x00000643,0x00000633,0x000003e6,0x000300f7,
0x000006e7,0x00000000,0x000300fb,0x00000040,
0x00000696,0x000200f8,0x00000696,0x000500c2,
0x00000006,0x00000698,0x00000643,0x00000068,
0x00060041,0x00000377,0x00000699,0x00000376,
0x0000005e,0x00000040,0x0004003d,0x00000006,
0x0000069a,0x00000699,0x000500c2,0x00000006,
0x0000069b,0x0000069a,0x00000047,0x000500b0,
0x00000023,0x0000069e,0x00000698,0x0000069b,
0x000300f7,0x000006a0,0x00000000,0x000400fa,
0x0000069e,0x0000069f,0x000006a0,0x000200f8,
0x0000069f,0x000200f9,0x000006e7,0x000200f8,
0x000006a0,0x00050082,0x00000006,0x000006a3,
0x00000698,0x0000069b,0x00060041,0x00000377,
0x000006a4,0x00000376,0x0000005e,0x00000043,
0x0004003d,0x00000006,0x000006a5,0x000006a4,
0x000500ab,0x00000023,0x000006a6,0x000006a5,
0x00000040,0x000600a9,0x00000006,0x00001a14,
0x000006a6,0x000006a5,0x00000043,0x00050086,
0x00000006,0x000006af,0x000006a3,0x00001a14,
0x00050084,0x00000006,0x000006b3,0x000006af,
0x00001a14,0x00050082,0x00000006,0x000006b4,
0x000006a3,0x000006b3,0x00060041,0x00000377,
0x000006b6,0x00000376,0x0000005e,0x0000036a,
0x0004003d,0x00000006,0x000006b7,0x000006b6,
0x000500ae,0x00000023,0x000006b8,0x000006af,
0x000006b7,0x000300f7,0x000006ba,0x00000000,
0x000400fa,0x000006b8,0x000006b9,0x000006ba,
0x000200f8,0x000006b9,0x000200f9,0x000006e7,
0x000200f8,0x000006ba,0x000500c2,0x00000006,
0x000006bc,0x00000643,0x00000065,0x000500c7,
0x00000006,0x000006bd,0x000006bc,0x00000054,
0x000500c7,0x00000006,0x000006bf,0x00000633,
0x000019f0,0x000500c2,0x00000006,0x000006c0,
0x000006bf,0x0000005e,0x0003003e,0x00000691,
0x000003ad,0x00050041,0x00000083,0x000006c9,
0x00000691,0x000006bd,0x0004003d,0x00000025,
0x000006ca,0x000006c9,0x0003003e,0x00000693,
0x000003bc,0x00050041,0x00000083,0x000006cc,
0x00000693,0x000006c0,0x0004003d,0x00000025,
0x000006cd,0x000006cc,0x00050084,0x00000006,
0x000006cf,0x000006b4,0x00000093,0x000500c7,
0x00000025,0x000006d1,0x000006ca,0x00000070,
0x0004007c,0x00000006,0x000006d2,0x000006d1,
0x00050084,0x00000006,0x000006d3,0x000006d2,
0x0000007a,0x00050080,0x00000006,0x000006d4,
0x000006cf,0x000006d3,0x000500c7,0x00000025,
0x000006d6,0x000006cd,0x00000070,0x0004007c,
0x00000006,0x000006d7,0x000006d6,0x00050080,
0x00000006,0x000006d8,0x000006d4,0x000006d7,
0x0004007c,0x00000025,0x000006d9,0x000006d8,
0x00050084,0x00000006,0x000006db,0x000006af,
0x00000056,0x000500c3,0x00000025,0x000006dd,
0x000006ca,0x00000059,0x0004007c,0x00000006,
0x000006de,0x000006dd,0x00050084,0x00000006,
0x000006df,0x000006de,0x0000007a,0x00050080,
0x00000006,0x000006e0,0x000006db,0x000006df,
0x000500c3,0x00000025,0x000006e2,0x000006cd,
0x00000059,0x0004007c,0x00000006,0x000006e3,
0x000006e2,0x00050080,0x00000006,0x000006e4,
0x000006e0,0x000006e3,0x0004007c,0x00000025,
0x000006e5,0x000006e4,0x00050050,0x00000026,
0x000006e6,0x000006d9,0x000006e5,0x000200f9,
0x000006e7,0x000200f8,0x000006e7,0x000900f5,
0x00000026,0x000019cd,0x00000381,0x0000069f,
0x00000381,0x000006b9,0x000006e6,0x000006ba,
0x00050051,0x00000025,0x00000646,0x000019cd,
0x00000000,0x000500b1,0x00000023,0x00000647,
0x00000646,0x0000003c,0x000300f7,0x00000649,
0x00000000,0x000400fa,0x00000647,0x00000648,
0x00000649,0x000200f8,0x00000648,0x000200f9,
0x0000067c,0x000200f8,0x00000649,0x00060041,
0x00000377,0x0000064b,0x00000376,0x0000005e,
0x00000078,0x0004003d,0x00000006,0x0000064c,
0x0000064b,0x0004007c,0x00000025,0x0000064d,
0x0000064c,0x00050050,0x00000026,0x0000064e,
0x0000064d,0x0000064d,0x00050084,0x00000026,
0x0000064f,0x000019cd,0x0000064e,0x00050080,
0x00000026,0x00000651,0x0000064f,0x000004e0,
0x0004003d,0x000003fc,0x00000652,0x000003fe,
0x00040064,0x000003fb,0x00000654,0x00000652,
0x0007005f,0x00000402,0x00000655,0x00000654,
0x00000651,0x00000002,0x0000003c,0x0006000c,
0x00000006,0x00000656,0x00000001,0x00000037,
0x00000655,0x00060041,0x00000377,0x00000657,
0x00000376,0x00000058,0x00000078,0x0004003d,
0x00000006,0x00000658,0x00000657,0x000500c7,
0x00000006,0x00000659,0x00000658,0x0000036a,
0x000500ab,0x00000023,0x0000065a,0x00000659,
0x00000040,0x000300f7,0x0000067a,0x00000000,
0x000400fa,0x0000065a,0x0000065b,0x0000067a,
0x000200f8,0x0000065b,0x000300f7,0x0000074c,
0x00000000,0x000300fb,0x00000040,0x000006fb,
0x000200f8,0x000006fb,0x000300f7,0x00000705,
0x00000000,0x000400fa,0x0000069e,0x00000704,
0x00000705,0x000200f8,0x00000704,0x000200f9,
0x0000074c,0x000200f8,0x00000705,0x00050082,
0x00000006,0x00000708,0x00000698,0x0000069b,
0x00060041,0x00000377,0x00000709,0x00000376,
0x0000005e,0x00000043,0x0004003d,0x00000006,
0x0000070a,0x00000709,0x000500ab,0x00000023,
0x0000070b,0x0000070a,0x00000040,0x000600a9,
0x00000006,0x00001a15,0x0000070b,0x0000070a,
0x00000043,0x00050086,0x00000006,0x00000714,
0x00000708,0x00001a15,0x00050084,0x00000006,
0x00000718,0x00000714,0x00001a15,0x00050082,
0x00000006,0x00000719,0x00000708,0x00000718,
0x00060041,0x00000377,0x0000071b,0x00000376,
0x0000005e,0x0000036a,0x0004003d,0x00000006,
0x0000071c,0x0000071b,0x000500ae,0x00000023,
0x0000071d,0x00000714,0x0000071c,0x000300f7,
0x0000071f,0x00000000,0x000400fa,0x0000071d,
0x0000071e,0x0000071f,0x000200f8,0x0000071e,
0x000200f9,0x0000074c,0x000200f8,0x0000071f,
0x000500c2,0x00000006,0x00000721,0x00000643,
0x00000065,0x000500c7,0x00000006,0x00000722,
0x00000721,0x00000054,0x000500c7,0x00000006,
0x00000724,0x00000633,0x000019f0,0x000500c2,
0x00000006,0x00000725,0x00000724,0x0000005e,
0x000500c6,0x00000006,0x00000729,0x00000722,
0x000003b3,0x0003003e,0x000006f6,0x000003ad,
0x00050041,0x00000083,0x0000072e,0x000006f6,
0x00000729,0x0004003d,0x00000025,0x0000072f,
0x0000072e,0x0003003e,0x000006f8,0x000003bc,
0x00050041,0x00000083,0x00000731,0x000006f8,
0x00000725,0x0004003d,0x00000025,0x00000732,
0x00000731,0x00050084,0x00000006,0x00000734,
0x00000719,0x00000093,0x000500c7,0x00000025,
0x00000736,0x0000072f,0x00000070,0x0004007c,
0x00000006,0x00000737,0x00000736,0x00050084,
0x00000006,0x00000738,0x00000737,0x0000007a,
0x00050080,0x00000006,0x00000739,0x00000734,
0x00000738,0x000500c7,0x00000025,0x0000073b,
0x00000732,0x00000070,0x0004007c,0x00000006,
0x0000073c,0x0000073b,0x00050080,0x00000006,
0x0000073d,0x00000739,0x0000073c,0x0004007c,
0x00000025,0x0000073e,0x0000073d,0x00050084,
0x00000006,0x00000740,0x00000714,0x00000056,
0x000500c3,0x00000025,0x00000742,0x0000072f,
0x00000059,0x0004007c,0x00000006,0x00000743,
0x00000742,0x00050084,0x00000006,0x00000744,
0x00000743,0x0000007a,0x00050080,0x00000006,
0x00000745,0x00000740,0x00000744,0x000500c3,
0x00000025,0x00000747,0x00000732,0x00000059,
0x0004007c,0x00000006,0x00000748,0x00000747,
0x00050080,0x00000006,0x00000749,0x00000745,
0x00000748,0x0004007c,0x00000025,0x0000074a,
0x00000749,0x00050050,0x00000026,0x0000074b,
0x0000073e,0x0000074a,0x000200f9,0x0000074c,
0x000200f8,0x0000074c,0x000900f5,0x00000026,
0x000019d0,0x00000381,0x00000704,0x00000381,
0x0000071e,0x0000074b,0x0000071f,0x00050084,
0x00000026,0x00000663,0x000019d0,0x0000064e,
0x00050080,0x00000026,0x00000665,0x00000663,
0x000004e0,0x0004003d,0x000003fc,0x00000666,
0x0000041b,0x00040064,0x000003fb,0x00000668,
0x00000666,0x0007005f,0x00000402,0x00000669,
0x00000668,0x00000665,0x00000002,0x0000003c,
0x00050051,0x000003fa,0x0000066a,0x00000669,
0x00000000,0x0008000c,0x000003fa,0x0000066c,
0x00000001,0x0000002b,0x0000066a,0x00000423,
0x00000424,0x00050085,0x000003fa,0x0000066d,
0x0000066c,0x00000426,0x00050081,0x000003fa,
0x0000066e,0x0000066d,0x00000428,0x0004006d,
0x00000006,0x0000066f,0x0000066e,0x000500c7,
0x00000006,0x00000670,0x0000066f,0x0000042b,
0x000500b0,0x00000023,0x00000673,0x000004e9,
0x0000042f,0x000600a9,0x00000006,0x00001a16,
0x00000673,0x00000040,0x00000670,0x000500c7,
0x00000006,0x00000677,0x00000656,0x00000434,
0x000500c5,0x00000006,0x00000679,0x00000677,
0x00001a16,0x000200f9,0x0000067a,0x000200f8,
0x0000067a,0x000700f5,0x00000006,0x000019d6,
0x00000656,0x00000649,0x00000679,0x0000074c,
0x000200f9,0x0000067c,0x000200f8,0x0000067c,
0x000700f5,0x00000006,0x000019d7,0x00000040,
0x00000648,0x000019d6,0x0000067a,0x000500c7,
0x00000006,0x00000513,0x00000633,0x00000078,
0x00050084,0x00000006,0x00000514,0x00000513,
0x0000007a,0x000500c2,0x00000006,0x00000515,
0x000019d7,0x00000514,0x000500c7,0x00000006,
0x00000516,0x00000515,0x000003a9,0x000300f7,
0x00000798,0x00000000,0x000300fb,0x00000040,
0x0000075d,0x000200f8,0x0000075d,0x00060041,
0x00000377,0x0000075e,0x00000376,0x00000058,
0x00000078,0x0004003d,0x00000006,0x0000075f,
0x0000075e,0x000500c7,0x00000006,0x00000760,
0x0000075f,0x00000043,0x000500ab,0x00000023,
0x00000761,0x00000760,0x00000040,0x000300f7,
0x00000776,0x00000000,0x000400fa,0x00000761,
0x00000762,0x00000776,0x000200f8,0x00000762,
0x000500c7,0x00000006,0x00000764,0x00000515,
0x0000007e,0x000500c7,0x00000006,0x00000766,
0x00000515,0x000001bb,0x000500c2,0x00000006,
0x00000767,0x00000766,0x00000058,0x000500c5,
0x00000006,0x00000768,0x00000764,0x00000767,
0x000500c7,0x00000006,0x0000076a,0x00000515,
0x0000007a,0x000500c2,0x00000006,0x0000076b,
0x0000076a,0x0000005f,0x000500c7,0x00000006,
0x0000076d,0x00000515,0x00000484,0x000500c2,
0x00000006,0x0000076e,0x0000076d,0x00000059,
0x000500c5,0x00000006,0x0000076f,0x0000076b,
0x0000076e,0x00060041,0x00000377,0x00000770,
0x00000376,0x00000058,0x00000040,0x0004003d,
0x00000006,0x00000771,0x00000770,0x000500c2,
0x00000006,0x000007a6,0x00000771,0x00000047,
0x000500c2,0x00000006,0x000007a8,0x0000076f,
0x00000047,0x00050080,0x00000006,0x000007ab,
0x000007a6,0x000007a8,0x000500c2,0x00000006,
0x000007ad,0x00000768,0x0000004f,0x00050080,
0x00000006,0x000007ae,0x000007ab,0x000007ad,
0x000500c7,0x00000006,0x000007b0,0x00000771,
0x00000054,0x000500c2,0x00000006,0x000007b2,
0x0000076f,0x0000005f,0x000500c7,0x00000006,
0x000007b3,0x000007b2,0x00000078,0x00050084,
0x00000006,0x000007b4,0x000007b3,0x0000007a,
0x000500c2,0x00000006,0x000007b6,0x00000768,
0x0000005f,0x000500c7,0x00000006,0x000007b7,
0x000007b6,0x0000007e,0x00050080,0x00000006,
0x000007b8,0x000007b4,0x000007b7,0x0003003e,
0x0000079d,0x00000075,0x00050041,0x00000083,
0x000007b9,0x0000079d,0x000007b8,0x0004003d,
0x00000025,0x000007ba,0x000007b9,0x0004007c,
0x00000006,0x000007bb,0x000007ba,0x00050080,
0x00000006,0x000007bc,0x000007b0,0x000007bb,
0x000500c4,0x00000006,0x000007be,0x000007ae,
0x00000068,0x000500c2,0x00000006,0x000007c0,
0x000007bc,0x00000047,0x000500c4,0x00000006,
0x000007c1,0x000007c0,0x00000068,0x00050080,
0x00000006,0x000007c2,0x000007be,0x000007c1,
0x000500c7,0x00000006,0x000007c4,0x000007bc,
0x00000054,0x00050084,0x00000006,0x000007c5,
0x000007c4,0x00000090,0x00050080,0x00000006,
0x000007c6,0x000007c2,0x000007c5,0x000500c7,
0x00000006,0x000007c8,0x0000076f,0x0000007e,
0x00050084,0x00000006,0x000007c9,0x000007c8,
0x0000007a,0x000500c7,0x00000006,0x000007cb,
0x00000768,0x0000007e,0x00050080,0x00000006,
0x000007cc,0x000007c9,0x000007cb,0x0003003e,
0x0000079e,0x000000b5,0x00050041,0x00000083,
0x000007cd,0x0000079e,0x000007cc,0x0004003d,
0x00000025,0x000007ce,0x000007cd,0x0004007c,
0x00000006,0x000007cf,0x000007ce,0x00050084,
0x00000006,0x000007d0,0x000007cf,0x000000c1,
0x00050080,0x00000006,0x000007d1,0x000007c6,
0x000007d0,0x000300f7,0x0000081a,0x00000000,
0x000300fb,0x00000040,0x000007df,0x000200f8,
0x000007df,0x000500c7,0x00000006,0x000007e1,
0x000007d1,0x000003e6,0x000300f7,0x00000885,
0x00000000,0x000300fb,0x00000040,0x00000834,
0x000200f8,0x00000834,0x000500c2,0x00000006,
0x00000836,0x000007e1,0x00000068,0x000500b0,
0x00000023,0x0000083c,0x00000836,0x0000069b,
0x000300f7,0x0000083e,0x00000000,0x000400fa,
0x0000083c,0x0000083d,0x0000083e,0x000200f8,
0x0000083d,0x000200f9,0x00000885,0x000200f8,
0x0000083e,0x00050082,0x00000006,0x00000841,
0x00000836,0x0000069b,0x00060041,0x00000377,
0x00000842,0x00000376,0x0000005e,0x00000043,
0x0004003d,0x00000006,0x00000843,0x00000842,
0x000500ab,0x00000023,0x00000844,0x00000843,
0x00000040,0x000600a9,0x00000006,0x00001a17,
0x00000844,0x00000843,0x00000043,0x00050086,
0x00000006,0x0000084d,0x00000841,0x00001a17,
0x00050084,0x00000006,0x00000851,0x0000084d,
0x00001a17,0x00050082,0x00000006,0x00000852,
0x00000841,0x00000851,0x00060041,0x00000377,
0x00000854,0x00000376,0x0000005e,0x0000036a,
0x0004003d,0x00000006,0x00000855,0x00000854,
0x000500ae,0x00000023,0x00000856,0x0000084d,
0x00000855,0x000300f7,0x00000858,0x00000000,
0x000400fa,0x00000856,0x00000857,0x00000858,
0x000200f8,0x00000857,0x000200f9,0x00000885,
0x000200f8,0x00000858,0x000500c2,0x00000006,
0x0000085a,0x000007e1,0x00000065,0x000500c7,
0x00000006,0x0000085b,0x0000085a,0x00000054,
0x000500c7,0x00000006,0x0000085d,0x000007d1,
0x000019f0,0x000500c2,0x00000006,0x0000085e,
0x0000085d,0x0000005e,0x0003003e,0x0000082f,
0x000003ad,0x00050041,0x00000083,0x00000867,
0x0000082f,0x0000085b,0x0004003d,0x00000025,
0x00000868,0x00000867,0x0003003e,0x00000831,
0x000003bc,0x00050041,0x00000083,0x0000086a,
0x00000831,0x0000085e,0x0004003d,0x00000025,
0x0000086b,0x0000086a,0x00050084,0x00000006,
0x0000086d,0x00000852,0x00000093,0x000500c7,
0x00000025,0x0000086f,0x00000868,0x00000070,
0x0004007c,0x00000006,0x00000870,0x0000086f,
0x00050084,0x00000006,0x00000871,0x00000870,
0x0000007a,0x00050080,0x00000006,0x00000872,
0x0000086d,0x00000871,0x000500c7,0x00000025,
0x00000874,0x0000086b,0x00000070,0x0004007c,
0x00000006,0x00000875,0x00000874,0x00050080,
0x00000006,0x00000876,0x00000872,0x00000875,
0x0004007c,0x00000025,0x00000877,0x00000876,
0x00050084,0x00000006,0x00000879,0x0000084d,
0x00000056,0x000500c3,0x00000025,0x0000087b,
0x00000868,0x00000059,0x0004007c,0x00000006,
0x0000087c,0x0000087b,0x00050084,0x00000006,
0x0000087d,0x0000087c,0x0000007a,0x00050080,
0x00000006,0x0000087e,0x00000879,0x0000087d,
0x000500c3,0x00000025,0x00000880,0x0000086b,
0x00000059,0x0004007c,0x00000006,0x00000881,
0x00000880,0x00050080,0x00000006,0x00000882,
0x0000087e,0x00000881,0x0004007c,0x00000025,
0x00000883,0x00000882,0x00050050,0x00000026,
0x00000884,0x00000877,0x00000883,0x000200f9,
0x00000885,0x000200f8,0x00000885,0x000900f5,
0x00000026,0x000019dd,0x00000381,0x0000083d,
0x00000381,0x00000857,0x00000884,0x00000858,
0x00050051,0x00000025,0x000007e4,0x000019dd,
0x00000000,0x000500b1,0x00000023,0x000007e5,
0x000007e4,0x0000003c,0x000300f7,0x000007e7,
0x00000000,0x000400fa,0x000007e5,0x000007e6,
0x000007e7,0x000200f8,0x000007e6,0x000200f9,
0x0000081a,0x000200f8,0x000007e7,0x00060041,
0x00000377,0x000007e9,0x00000376,0x0000005e,
0x00000078,0x0004003d,0x00000006,0x000007ea,
0x000007e9,0x0004007c,0x00000025,0x000007eb,
0x000007ea,0x00050050,0x00000026,0x000007ec,
0x000007eb,0x000007eb,0x00050084,0x00000026,
0x000007ed,0x000019dd,0x000007ec,0x00050080,
0x00000026,0x000007ef,0x000007ed,0x000004e0,
0x0004003d,0x000003fc,0x000007f0,0x000003fe,
0x00040064,0x000003fb,0x000007f2,0x000007f0,
0x0007005f,0x00000402,0x000007f3,0x000007f2,
0x000007ef,0x00000002,0x0000003c,0x0006000c,
0x00000006,0x000007f4,0x00000001,0x00000037,
0x000007f3,0x000500c7,0x00000006,0x000007f7,
0x0000075f,0x0000036a,0x000500ab,0x00000023,
0x000007f8,0x000007f7,0x00000040,0x000300f7,
0x00000818,0x00000000,0x000400fa,0x000007f8,
0x000007f9,0x00000818,0x000200f8,0x000007f9,
0x000300f7,0x000008ea,0x00000000,0x000300fb,
0x00000040,0x00000899,0x000200f8,0x00000899,
0x000300f7,0x000008a3,0x00000000,0x000400fa,
0x0000083c,0x000008a2,0x000008a3,0x000200f8,
0x000008a2,0x000200f9,0x000008ea,0x000200f8,
0x000008a3,0x00050082,0x00000006,0x000008a6,
0x00000836,0x0000069b,0x00060041,0x00000377,
0x000008a7,0x00000376,0x0000005e,0x00000043,
0x0004003d,0x00000006,0x000008a8,0x000008a7,
0x000500ab,0x00000023,0x000008a9,0x000008a8,
0x00000040,0x000600a9,0x00000006,0x00001a18,
0x000008a9,0x000008a8,0x00000043,0x00050086,
0x00000006,0x000008b2,0x000008a6,0x00001a18,
0x00050084,0x00000006,0x000008b6,0x000008b2,
0x00001a18,0x00050082,0x00000006,0x000008b7,
0x000008a6,0x000008b6,0x00060041,0x00000377,
0x000008b9,0x00000376,0x0000005e,0x0000036a,
0x0004003d,0x00000006,0x000008ba,0x000008b9,
0x000500ae,0x00000023,0x000008bb,0x000008b2,
0x000008ba,0x000300f7,0x000008bd,0x00000000,
0x000400fa,0x000008bb,0x000008bc,0x000008bd,
0x000200f8,0x000008bc,0x000200f9,0x000008ea,
0x000200f8,0x000008bd,0x000500c2,0x00000006,
0x000008bf,0x000007e1,0x00000065,0x000500c7,
0x00000006,0x000008c0,0x000008bf,0x00000054,
0x000500c7,0x00000006,0x000008c2,0x000007d1,
0x000019f0,0x000500c2,0x00000006,0x000008c3,
0x000008c2,0x0000005e,0x000500c6,0x00000006,
0x000008c7,0x000008c0,0x000003b3,0x0003003e,
0x00000894,0x000003ad,0x00050041,0x00000083,
0x000008cc,0x00000894,0x000008c7,0x0004003d,
0x00000025,0x000008cd,0x000008cc,0x0003003e,
0x00000896,0x000003bc,0x00050041,0x00000083,
0x000008cf,0x00000896,0x000008c3,0x0004003d,
0x00000025,0x000008d0,0x000008cf,0x00050084,
0x00000006,0x000008d2,0x000008b7,0x00000093,
0x000500c7,0x00000025,0x000008d4,0x000008cd,
0x00000070,0x0004007c,0x00000006,0x000008d5,
0x000008d4,0x00050084,0x00000006,0x000008d6,
0x000008d5,0x0000007a,0x00050080,0x00000006,
0x000008d7,0x000008d2,0x000008d6,0x000500c7,
0x00000025,0x000008d9,0x000008d0,0x00000070,
0x0004007c,0x00000006,0x000008da,0x000008d9,
0x00050080,0x00000006,0x000008db,0x000008d7,
0x000008da,0x0004007c,0x00000025,0x000008dc,
0x000008db,0x00050084,0x00000006,0x000008de,
0x000008b2,0x00000056,0x000500c3,0x00000025,
0x000008e0,0x000008cd,0x00000059,0x0004007c,
0x00000006,0x000008e1,0x000008e0,0x00050084,
0x00000006,0x000008e2,0x000008e1,0x0000007a,
0x00050080,0x00000006,0x000008e3,0x000008de,
0x000008e2,0x000500c3,0x00000025,0x000008e5,
0x000008d0,0x00000059,0x0004007c,0x00000006,
0x000008e6,0x000008e5,0x00050080,0x00000006,
0x000008e7,0x000008e3,0x000008e6,0x0004007c,
0x00000025,0x000008e8,0x000008e7,0x00050050,
0x00000026,0x000008e9,0x000008dc,0x000008e8,
0x000200f9,0x000008ea,0x000200f8,0x000008ea,
0x000900f5,0x00000026,0x000019e0,0x00000381,
0x000008a2,0x00000381,0x000008bc,0x000008e9,
0x000008bd,0x00050084,0x00000026,0x00000801,
0x000019e0,0x000007ec,0x00050080,0x00000026,
0x00000803,0x00000801,0x000004e0,0x0004003d,
0x000003fc,0x00000804,0x0000041b,0x00040064,
0x000003fb,0x00000806,0x00000804,0x0007005f,
0x00000402,0x00000807,0x00000806,0x00000803,
0x00000002,0x0000003c,0x00050051,0x000003fa,
0x00000808,0x00000807,0x00000000,0x0008000c,
0x000003fa,0x0000080a,0x00000001,0x0000002b,
0x00000808,0x00000423,0x00000424,0x00050085,
0x000003fa,0x0000080b,0x0000080a,0x00000426,
0x00050081,0x000003fa,0x0000080c,0x0000080b,
0x00000428,0x0004006d,0x00000006,0x0000080d,
0x0000080c,0x000500c7,0x00000006,0x0000080e,
0x0000080d,0x0000042b,0x000500b0,0x00000023,
0x00000811,0x000004e9,0x0000042f,0x000600a9,
0x00000006,0x00001a19,0x00000811,0x00000040,
0x0000080e,0x000500c7,0x00000006,0x00000815,
0x000007f4,0x00000434,0x000500c5,0x00000006,
0x00000817,0x00000815,0x00001a19,0x000200f9,
0x00000818,0x000200f8,0x00000818,0x000700f5,
0x00000006,0x000019e6,0x000007f4,0x000007e7,
0x00000817,0x000008ea,0x000200f9,0x0000081a,
0x000200f8,0x0000081a,0x000700f5,0x00000006,
0x000019e7,0x00000040,0x000007e6,0x000019e6,
0x00000818,0x000200f9,0x00000798,0x000200f8,
0x00000776,0x000500c2,0x00000006,0x00000778,
0x00000516,0x0000005e,0x00060041,0x0000049c,
0x00000779,0x00000499,0x0000003c,0x00000778,
0x0004003d,0x00000373,0x0000077a,0x00000779,
0x000500c7,0x00000006,0x0000077c,0x00000515,
0x00000078,0x000500aa,0x00000023,0x0000077d,
0x0000077c,0x00000040,0x000300f7,0x00000796,
0x00000000,0x000400fa,0x0000077d,0x0000077e,
0x00000781,0x000200f8,0x00000781,0x000500aa,
0x00000023,0x00000784,0x0000077c,0x00000043,
0x000300f7,0x00000794,0x00000000,0x000400fa,
0x00000784,0x00000785,0x00000788,0x000200f8,
0x00000788,0x000500aa,0x00000023,0x0000078b,
0x0000077c,0x0000036a,0x000300f7,0x00000792,
0x00000000,0x000400fa,0x0000078b,0x0000078c,
0x0000078f,0x000200f8,0x0000078f,0x00050051,
0x00000006,0x00000791,0x0000077a,0x00000003,
0x000200f9,0x00000792,0x000200f8,0x0000078c,
0x00050051,0x00000006,0x0000078e,0x0000077a,
0x00000002,0x000200f9,0x00000792,0x000200f8,
0x00000792,0x000700f5,0x00000006,0x000019d8,
0x0000078e,0x0000078c,0x00000791,0x0000078f,
0x000200f9,0x00000794,0x000200f8,0x00000785,
0x00050051,0x00000006,0x00000787,0x0000077a,
0x00000001,0x000200f9,0x00000794,0x000200f8,
0x00000794,0x000700f5,0x00000006,0x000019d9,
0x00000787,0x00000785,0x000019d8,0x00000792,
0x000200f9,0x00000796,0x000200f8,0x0000077e,
0x00050051,0x00000006,0x00000780,0x0000077a,
0x00000000,0x000200f9,0x00000796,0x000200f8,
0x00000796,0x000700f5,0x00000006,0x000019da,
0x00000780,0x0000077e,0x000019d9,0x00000794,
0x000200f9,0x00000798,0x000200f8,0x00000798,
0x000700f5,0x00000006,0x000019e8,0x000019e7,
0x0000081a,0x000019da,0x00000796,0x000200f9,
0x00000503,0x000200f8,0x00000503,0x000700f5,
0x00000006,0x000019e9,0x000019e8,0x00000798,
0x000019ea,0x0000051d,0x0006000c,0x00000402,
0x000005e2,0x00000001,0x00000040,0x000019e9,
0x0003003e,0x000005e0,0x000005e2,0x000100fd,
0x00010038
